stock_code,name,market_type,region
000020,동화약품,KOSPI,Korea
000040,KR모터스,KOSPI,Korea
000050,경방,KOSPI,Korea
000070,삼양홀딩스,KOSPI,Korea
000080,하이트진로,KOSPI,Korea
000100,유한양행,KOSPI,Korea
000120,CJ대한통운,KOSPI,Korea
000140,하이트진로홀딩스,KOSPI,Korea
000150,두산,KOSPI,Korea
000180,성창기업지주,KOSPI,Korea
000210,DL,KOSPI,Korea
000220,유유제약,KOSPI,Korea
000230,일동홀딩스,KOSPI,Korea
000240,한국앤컴퍼니,KOSPI,Korea
000250,삼천당제약,KOSDAQ,Korea
000270,기아,KOSPI,Korea
000300,대유플러스,KOSPI,Korea
000320,노루홀딩스,KOSPI,Korea
000370,한화손해보험,KOSPI,Korea
000390,삼화페인트,KOSPI,Korea
000400,롯데손해보험,KOSPI,Korea
000430,대원강업,KOSPI,Korea
000440,중앙에너비스,KOSDAQ,Korea
000480,CR홀딩스,KOSPI,Korea
000490,대동,KOSPI,Korea
000500,가온전선,KOSPI,Korea
000520,삼일제약,KOSPI,Korea
000540,흥국화재,KOSPI,Korea
000590,CS홀딩스,KOSPI,Korea
000640,동아쏘시오홀딩스,KOSPI,Korea
000650,천일고속,KOSPI,Korea
000660,SK하이닉스,KOSPI,Korea
000670,영풍,KOSPI,Korea
000680,LS네트웍스,KOSPI,Korea
000700,유수홀딩스,KOSPI,Korea
000720,현대건설,KOSPI,Korea
000760,이화산업,KOSPI,Korea
000810,삼성화재,KOSPI,Korea
000850,화천기공,KOSPI,Korea
000860,강남제비스코,KOSPI,Korea
000880,한화,KOSPI,Korea
000890,보해양조,KOSPI,Korea
000910,유니온,KOSPI,Korea
000950,전방,KOSPI,Korea
000970,한국주철관,KOSPI,Korea
000990,DB하이텍,KOSPI,Korea
001000,신라섬유,KOSDAQ,Korea
001020,페이퍼코리아,KOSPI,Korea
001040,CJ,KOSPI,Korea
001060,JW중외제약,KOSPI,Korea
001070,대한방직,KOSPI,Korea
001080,만호제강,KOSPI,Korea
001120,LX인터내셔널,KOSPI,Korea
001130,대한제분,KOSPI,Korea
001140,국보,KOSPI,Korea
001200,유진투자증권,KOSPI,Korea
001210,금호전기,KOSPI,Korea
001230,동국홀딩스,KOSPI,Korea
001250,GS글로벌,KOSPI,Korea
001260,남광토건,KOSPI,Korea
001270,부국증권,KOSPI,Korea
001290,상상인증권,KOSPI,Korea
001340,백광산업,KOSPI,Korea
001360,삼성제약,KOSPI,Korea
001380,SG글로벌,KOSPI,Korea
001390,KG케미칼,KOSPI,Korea
001420,태원물산,KOSPI,Korea
001430,세아베스틸지주,KOSPI,Korea
001440,대한전선,KOSPI,Korea
001450,현대해상,KOSPI,Korea
001460,BYC,KOSPI,Korea
001470,삼부토건,KOSPI,Korea
001500,현대차증권,KOSPI,Korea
001510,SK증권,KOSPI,Korea
001520,동양,KOSPI,Korea
001530,DI동일,KOSPI,Korea
001540,안국약품,KOSDAQ,Korea
001550,조비,KOSPI,Korea
001560,제일연마,KOSPI,Korea
001570,금양,KOSPI,Korea
001620,케이비아이동국실업,KOSPI,Korea
001630,종근당홀딩스,KOSPI,Korea
001680,대상,KOSPI,Korea
001720,신영증권,KOSPI,Korea
001740,SK네트웍스,KOSPI,Korea
001750,한양증권,KOSPI,Korea
001770,SHD,KOSPI,Korea
001780,알루코,KOSPI,Korea
001790,대한제당,KOSPI,Korea
001800,오리온홀딩스,KOSPI,Korea
001810,무림SP,KOSDAQ,Korea
001820,삼화콘덴서,KOSPI,Korea
001840,이화공영,KOSDAQ,Korea
001940,KISCO홀딩스,KOSPI,Korea
002020,코오롱,KOSPI,Korea
002030,아세아,KOSPI,Korea
002070,비비안,KOSPI,Korea
002100,경농,KOSPI,Korea
002140,고려산업,KOSPI,Korea
002150,도화엔지니어링,KOSPI,Korea
002170,삼양통상,KOSPI,Korea
002200,한국수출포장,KOSPI,Korea
002210,동성제약,KOSPI,Korea
002220,한일철강,KOSPI,Korea
002230,피에스텍,KOSDAQ,Korea
002240,고려제강,KOSPI,Korea
002290,삼일기업공사,KOSDAQ,Korea
002310,아세아제지,KOSPI,Korea
002320,한진,KOSPI,Korea
002350,넥센타이어,KOSPI,Korea
002360,SH에너지화학,KOSPI,Korea
002380,KCC,KOSPI,Korea
002390,한독,KOSPI,Korea
002410,범양건영,KOSPI,Korea
002420,세기상사,KOSPI,Korea
002450,삼익악기,KOSPI,Korea
002460,화성산업,KOSPI,Korea
002600,조흥,KOSPI,Korea
002620,제일파마홀딩스,KOSPI,Korea
002630,오리엔트바이오,KOSPI,Korea
002680,한탑,KOSDAQ,Korea
002690,동일제강,KOSPI,Korea
002700,신일전자,KOSPI,Korea
002710,TCC스틸,KOSPI,Korea
002720,국제약품,KOSPI,Korea
002760,보락,KOSPI,Korea
002780,진흥기업,KOSPI,Korea
002790,아모레G,KOSPI,Korea
002800,신신제약,KOSDAQ,Korea
002810,삼영무역,KOSPI,Korea
002820,SUN&L,KOSPI,Korea
002840,미원상사,KOSPI,Korea
002870,신풍,KOSPI,Korea
002880,대유에이텍,KOSPI,Korea
002900,TYM,KOSPI,Korea
002920,유성기업,KOSPI,Korea
002960,한국쉘석유,KOSPI,Korea
002990,금호건설,KOSPI,Korea
003000,부광약품,KOSPI,Korea
003010,혜인,KOSPI,Korea
003030,세아제강지주,KOSPI,Korea
003060,에이프로젠바이오로직스,KOSPI,Korea
003070,코오롱글로벌,KOSPI,Korea
003080,성보화학,KOSPI,Korea
003090,대웅,KOSPI,Korea
003100,선광,KOSDAQ,Korea
003120,일성아이에스,KOSPI,Korea
003160,디아이,KOSPI,Korea
003200,일신방직,KOSPI,Korea
003220,대원제약,KOSPI,Korea
003230,삼양식품,KOSPI,Korea
003240,태광산업,KOSPI,Korea
003280,흥아해운,KOSPI,Korea
003300,한일홀딩스,KOSPI,Korea
003310,대주산업,KOSDAQ,Korea
003350,한국화장품제조,KOSPI,Korea
003380,하림지주,KOSDAQ,Korea
003410,쌍용C&E,KOSPI,Korea
003460,유화증권,KOSPI,Korea
003470,유안타증권,KOSPI,Korea
003480,한진중공업홀딩스,KOSPI,Korea
003490,대한항공,KOSPI,Korea
003520,영진약품,KOSPI,Korea
003530,한화투자증권,KOSPI,Korea
003540,대신증권,KOSPI,Korea
003550,LG,KOSPI,Korea
003560,IHQ,KOSPI,Korea
003570,SNT다이내믹스,KOSPI,Korea
003580,HLB글로벌,KOSPI,Korea
003610,방림,KOSPI,Korea
003620,KG모빌리티,KOSPI,Korea
003650,미창석유,KOSPI,Korea
003670,포스코퓨처엠,KOSPI,Korea
003680,한성기업,KOSPI,Korea
003690,코리안리,KOSPI,Korea
003720,삼영,KOSPI,Korea
003780,진양산업,KOSPI,Korea
003800,에이스침대,KOSDAQ,Korea
003830,대한화섬,KOSPI,Korea
003850,보령,KOSPI,Korea
003920,남양유업,KOSPI,Korea
003960,사조대림,KOSPI,Korea
004000,롯데정밀화학,KOSPI,Korea
004020,현대제철,KOSPI,Korea
004060,SG세계물산,KOSPI,Korea
004080,신흥,KOSPI,Korea
004090,한국석유,KOSPI,Korea
004100,태양금속,KOSPI,Korea
004140,동방,KOSPI,Korea
004150,한솔홀딩스,KOSPI,Korea
004170,신세계,KOSPI,Korea
004250,NPC,KOSPI,Korea
004270,남성,KOSPI,Korea
004310,현대약품,KOSPI,Korea
004360,세방,KOSPI,Korea
004370,농심,KOSPI,Korea
004380,삼익THK,KOSPI,Korea
004410,서울식품,KOSPI,Korea
004430,송원산업,KOSPI,Korea
004440,삼일씨엔에스,KOSPI,Korea
004450,삼화왕관,KOSPI,Korea
004490,세방전지,KOSPI,Korea
004540,깨끗한나라,KOSPI,Korea
004560,현대비앤지스틸,KOSPI,Korea
004590,한국가구,KOSDAQ,Korea
004650,창해에탄올,KOSDAQ,Korea
004690,삼천리,KOSPI,Korea
004700,조광피혁,KOSPI,Korea
004710,한솔테크닉스,KOSPI,Korea
004720,팜젠사이언스,KOSPI,Korea
004770,써니전자,KOSPI,Korea
004780,대륙제관,KOSDAQ,Korea
004800,효성,KOSPI,Korea
004830,덕성,KOSPI,Korea
004840,DRB동일,KOSPI,Korea
004870,티웨이홀딩스,KOSPI,Korea
004890,동일산업,KOSPI,Korea
004910,조광페인트,KOSPI,Korea
004920,씨아이테크,KOSPI,Korea
004960,한신공영,KOSPI,Korea
004970,신라교역,KOSPI,Korea
004980,성신양회,KOSPI,Korea
004990,롯데지주,KOSPI,Korea
005010,휴스틸,KOSPI,Korea
005030,부산주공,KOSPI,Korea
005070,코스모신소재,KOSPI,Korea
005090,SGC에너지,KOSPI,Korea
005110,한창,KOSPI,Korea
005160,동국산업,KOSDAQ,Korea
005180,빙그레,KOSPI,Korea
005250,녹십자홀딩스,KOSPI,Korea
005290,동진쎄미켐,KOSDAQ,Korea
005300,롯데칠성,KOSPI,Korea
005320,국동,KOSPI,Korea
005360,모나미,KOSPI,Korea
005380,현대차,KOSPI,Korea
005385,현대차우,KOSPI,Korea
005387,현대차2우B,KOSPI,Korea
005390,신성통상,KOSPI,Korea
005420,코스모화학,KOSPI,Korea
005430,한국공항,KOSPI,Korea
005440,현대지에프홀딩스,KOSPI,Korea
005490,POSCO홀딩스,KOSPI,Korea
005500,삼진제약,KOSPI,Korea
005610,SPC삼립,KOSPI,Korea
005670,푸드웰,KOSDAQ,Korea
005680,삼영전자,KOSPI,Korea
005690,파미셀,KOSPI,Korea
005710,대원산업,KOSDAQ,Korea
005720,넥센,KOSPI,Korea
005740,크라운해태홀딩스,KOSPI,Korea
005750,대림B&Co,KOSPI,Korea
005800,신영와코루,KOSPI,Korea
005810,풍산홀딩스,KOSPI,Korea
005820,원림,KOSPI,Korea
005830,DB손해보험,KOSPI,Korea
005850,에스엘,KOSPI,Korea
005860,한일사료,KOSDAQ,Korea
005870,휴니드,KOSPI,Korea
005880,대한해운,KOSPI,Korea
005930,삼성전자,KOSPI,Korea
005935,삼성전자우,KOSPI,Korea
005940,NH투자증권,KOSPI,Korea
005950,이수화학,KOSPI,Korea
005960,동부건설,KOSPI,Korea
005990,매일홀딩스,KOSDAQ,Korea
006040,동원산업,KOSPI,Korea
006050,국영지앤엠,KOSDAQ,Korea
006060,화승인더,KOSPI,Korea
006090,사조오양,KOSPI,Korea
006110,삼아알미늄,KOSPI,Korea
006120,SK디스커버리,KOSPI,Korea
006140,피제이전자,KOSDAQ,Korea
006200,한국전자홀딩스,KOSPI,Korea
006220,제주은행,KOSPI,Korea
006260,LS,KOSPI,Korea
006280,녹십자,KOSPI,Korea
006340,대원전선,KOSPI,Korea
006360,GS건설,KOSPI,Korea
006370,대구백화점,KOSPI,Korea
006380,카프로,KOSPI,Korea
006390,한일현대시멘트,KOSPI,Korea
006400,삼성SDI,KOSPI,Korea
006490,인스코비,KOSPI,Korea
006570,대림통상,KOSPI,Korea
006580,대양제지,KOSDAQ,Korea
006620,동구바이오제약,KOSDAQ,Korea
006650,대한유화,KOSPI,Korea
006660,삼성공조,KOSPI,Korea
006730,서부T&D,KOSDAQ,Korea
006740,영풍제지,KOSPI,Korea
006800,미래에셋증권,KOSPI,Korea
006840,AK홀딩스,KOSPI,Korea
006880,신송홀딩스,KOSPI,Korea
006890,태경케미컬,KOSPI,Korea
006910,보성파워텍,KOSDAQ,Korea
006920,모헨즈,KOSDAQ,Korea
006980,우성,KOSPI,Korea
007070,GS리테일,KOSPI,Korea
007110,일신석재,KOSPI,Korea
007120,미래아이앤지,KOSPI,Korea
007160,사조산업,KOSPI,Korea
007210,벽산,KOSPI,Korea
007280,한국특강,KOSPI,Korea
007310,오뚜기,KOSPI,Korea
007330,푸른저축은행,KOSDAQ,Korea
007340,DN오토모티브,KOSPI,Korea
007370,진양제약,KOSDAQ,Korea
007390,네이처셀,KOSDAQ,Korea
007460,에이프로젠,KOSPI,Korea
007530,와이엠,KOSDAQ,Korea
007540,샘표,KOSPI,Korea
007570,일양약품,KOSPI,Korea
007590,동방아그로,KOSPI,Korea
007610,선도전기,KOSPI,Korea
007660,이수페타시스,KOSPI,Korea
007680,대원　　　　　　　,KOSDAQ,Korea
007690,국도화학,KOSPI,Korea
007700,F&F홀딩스,KOSPI,Korea
007720,대명소노시즌,KOSDAQ,Korea
007770,한일화학,KOSDAQ,Korea
007810,코리아써키트,KOSPI,Korea
007820,에스엠코어,KOSDAQ,Korea
007860,서연,KOSPI,Korea
007980,TP,KOSPI,Korea
008040,사조동아원,KOSPI,Korea
008060,대덕,KOSPI,Korea
008110,대동전자,KOSPI,Korea
008250,이건산업,KOSPI,Korea
008260,NI스틸,KOSPI,Korea
008290,원풍물산,KOSDAQ,Korea
008350,남선알미늄,KOSPI,Korea
008370,원풍,KOSDAQ,Korea
008420,문배철강,KOSPI,Korea
008470,부스타,KOSDAQ,Korea
008490,서흥,KOSPI,Korea
008500,일정실업,KOSPI,Korea
008600,윌비스,KOSPI,Korea
008700,아남전자,KOSPI,Korea
008730,율촌화학,KOSPI,Korea
008770,호텔신라,KOSPI,Korea
008830,대동기어,KOSDAQ,Korea
008870,금비,KOSPI,Korea
008930,한미사이언스,KOSPI,Korea
008970,동양철관,KOSPI,Korea
009070,KCTC,KOSPI,Korea
009140,경인전자,KOSPI,Korea
009150,삼성전기,KOSPI,Korea
009160,SIMPAC,KOSPI,Korea
009180,한솔로지스틱스,KOSPI,Korea
009190,대양금속,KOSPI,Korea
009200,무림페이퍼,KOSPI,Korea
009240,한샘,KOSPI,Korea
009270,신원,KOSPI,Korea
009290,광동제약,KOSPI,Korea
009300,삼아제약,KOSDAQ,Korea
009310,참엔지니어링,KOSPI,Korea
009320,대우부품,KOSPI,Korea
009410,태영건설,KOSPI,Korea
009420,한올바이오파마,KOSPI,Korea
009440,KC그린홀딩스,KOSPI,Korea
009450,경동나비엔,KOSPI,Korea
009460,한창제지,KOSPI,Korea
009470,삼화전기,KOSPI,Korea
009520,포스코엠텍,KOSDAQ,Korea
009540,HD한국조선해양,KOSPI,Korea
009580,무림P&P,KOSPI,Korea
009620,삼보산업,KOSDAQ,Korea
009680,모토닉,KOSPI,Korea
009730,이렘,KOSDAQ,Korea
009770,삼정펄프,KOSPI,Korea
009780,엠에스씨,KOSDAQ,Korea
009810,플레이그램,KOSPI,Korea
009830,한화솔루션,KOSPI,Korea
009900,명신산업,KOSPI,Korea
009970,영원무역홀딩스,KOSPI,Korea
010040,한국내화,KOSPI,Korea
010060,OCI홀딩스,KOSPI,Korea
010100,한국무브넥스,KOSPI,Korea
010120,LS ELECTRIC,KOSPI,Korea
010130,고려아연,KOSPI,Korea
010140,삼성중공업,KOSPI,Korea
010170,대한광통신,KOSDAQ,Korea
010240,흥국,KOSDAQ,Korea
010280,쌍용정보통신,KOSDAQ,Korea
010400,우진아이엔에스,KOSPI,Korea
010420,한솔PNS,KOSPI,Korea
010470,오리콤,KOSDAQ,Korea
010580,에스엠벡셀,KOSPI,Korea
010600,웰바이오텍,KOSPI,Korea
010620,HD현대미포,KOSPI,Korea
010640,진양폴리,KOSPI,Korea
010660,화천기계,KOSPI,Korea
010690,화신,KOSPI,Korea
010770,평화홀딩스,KOSPI,Korea
010780,아이에스동서,KOSPI,Korea
010820,퍼스텍,KOSPI,Korea
010950,S-Oil,KOSPI,Korea
010960,삼호개발,KOSPI,Korea
011000,진원생명과학,KOSPI,Korea
011040,경동제약,KOSDAQ,Korea
011070,LG이노텍,KOSPI,Korea
011080,형지I&C,KOSDAQ,Korea
011090,에넥스,KOSPI,Korea
011150,CJ씨푸드,KOSPI,Korea
011170,롯데케미칼,KOSPI,Korea
011200,HMM,KOSPI,Korea
011210,현대위아,KOSPI,Korea
011230,삼화전자,KOSPI,Korea
011280,태림포장,KOSPI,Korea
011300,성안머티리얼스,KOSPI,Korea
011320,유니크,KOSDAQ,Korea
011330,유니켐,KOSPI,Korea
011370,서한,KOSDAQ,Korea
011390,부산산업,KOSPI,Korea
011420,갤럭시아에스엠,KOSPI,Korea
011500,한농화성,KOSPI,Korea
011560,세보엠이씨,KOSDAQ,Korea
011690,와이투솔루션,KOSPI,Korea
011700,한신기계,KOSPI,Korea
011760,현대코퍼레이션,KOSPI,Korea
011780,금호석유,KOSPI,Korea
011790,SKC,KOSPI,Korea
011810,STX,KOSPI,Korea
011930,신성이엔지,KOSPI,Korea
012030,DB,KOSPI,Korea
012160,영흥,KOSPI,Korea
012170,아센디오,KOSPI,Korea
012200,계양전기,KOSPI,Korea
012210,삼미금속,KONEX,Korea
012280,영화금속,KOSPI,Korea
012320,경동인베스트,KOSPI,Korea
012330,현대모비스,KOSPI,Korea
012340,뉴인텍,KOSDAQ,Korea
012450,한화에어로스페이스,KOSPI,Korea
012510,더존비즈온,KOSPI,Korea
012600,청호ICT,KOSPI,Korea
012610,경인양행,KOSPI,Korea
012620,원일특강,KOSDAQ,Korea
012630,HDC,KOSPI,Korea
012690,모나리자,KOSPI,Korea
012700,리드코프,KOSDAQ,Korea
012750,에스원,KOSPI,Korea
012790,신일제약,KOSDAQ,Korea
012800,대창,KOSPI,Korea
012860,모베이스전자,KOSDAQ,Korea
013000,세우글로벌,KOSPI,Korea
013030,하이록코리아,KOSDAQ,Korea
013120,동원개발,KOSDAQ,Korea
013310,아진산업,KOSDAQ,Korea
013360,일성건설,KOSPI,Korea
013520,화승코퍼레이션,KOSPI,Korea
013570,디와이,KOSPI,Korea
013580,계룡건설,KOSPI,Korea
013700,까뮤이앤씨,KOSPI,Korea
013720,CBI,KOSDAQ,Korea
013810,스페코,KOSDAQ,Korea
013870,지엠비코리아,KOSPI,Korea
013890,지누스,KOSPI,Korea
013990,아가방컴퍼니,KOSDAQ,Korea
014100,메디앙스,KOSDAQ,Korea
014130,한익스프레스,KOSPI,Korea
014160,대영포장,KOSPI,Korea
014190,원익큐브,KOSDAQ,Korea
014200,광림,KOSDAQ,Korea
014280,금강공업,KOSPI,Korea
014440,영보화학,KOSPI,Korea
014470,부방,KOSDAQ,Korea
014530,극동유화,KOSPI,Korea
014570,고려제약,KOSDAQ,Korea
014580,태경비케이,KOSPI,Korea
014620,성광벤드,KOSDAQ,Korea
014680,한솔케미칼,KOSPI,Korea
014710,사조씨푸드,KOSPI,Korea
014790,HL D&I,KOSPI,Korea
014820,동원시스템즈,KOSPI,Korea
014830,유니드,KOSPI,Korea
014910,성문전자,KOSPI,Korea
014940,오리엔탈정공,KOSDAQ,Korea
014970,삼륭물산,KOSDAQ,Korea
014990,인디에프,KOSPI,Korea
015020,이스타코,KOSPI,Korea
015230,대창단조,KOSPI,Korea
015260,에이엔피,KOSPI,Korea
015360,예스코홀딩스,KOSPI,Korea
015590,KIB플러그에너지,KOSPI,Korea
015710,코콤,KOSDAQ,Korea
015750,성우하이텍,KOSDAQ,Korea
015760,한국전력,KOSPI,Korea
015860,일진홀딩스,KOSPI,Korea
015890,태경산업,KOSPI,Korea
016090,대현,KOSPI,Korea
016100,리더스코스메틱,KOSDAQ,Korea
016250,SGC E&C,KOSDAQ,Korea
016360,삼성증권,KOSPI,Korea
016380,KG스틸,KOSPI,Korea
016450,한세예스24홀딩스,KOSPI,Korea
016580,환인제약,KOSPI,Korea
016590,신대양제지,KOSPI,Korea
016600,큐캐피탈,KOSDAQ,Korea
016610,DB금융투자,KOSPI,Korea
016670,디모아,KOSDAQ,Korea
016710,대성홀딩스,KOSPI,Korea
016740,두올,KOSPI,Korea
016790,카나리아바이오,KOSDAQ,Korea
016800,퍼시스,KOSPI,Korea
016880,웅진,KOSPI,Korea
016920,카스,KOSDAQ,Korea
017000,신원종합개발,KOSDAQ,Korea
017040,광명전기,KOSPI,Korea
017180,명문제약,KOSPI,Korea
017250,인터엠,KOSDAQ,Korea
017370,우신시스템,KOSPI,Korea
017390,서울가스,KOSPI,Korea
017480,삼현철강,KOSDAQ,Korea
017510,세명전기,KOSDAQ,Korea
017550,수산중공업,KOSPI,Korea
017650,대림제지,KOSDAQ,Korea
017670,SK텔레콤,KOSPI,Korea
017800,현대엘리베이,KOSPI,Korea
017810,풀무원,KOSPI,Korea
017860,DS단석,KOSPI,Korea
017890,한국알콜,KOSDAQ,Korea
017900,광전자,KOSPI,Korea
017940,E1,KOSPI,Korea
017960,한국카본,KOSPI,Korea
018000,유니슨,KOSDAQ,Korea
018120,진로발효,KOSDAQ,Korea
018250,애경산업,KOSPI,Korea
018260,삼성에스디에스,KOSPI,Korea
018290,브이티,KOSDAQ,Korea
018310,삼목에스폼,KOSDAQ,Korea
018470,조일알미늄,KOSPI,Korea
018500,동원금속,KOSPI,Korea
018620,우진비앤지,KOSDAQ,Korea
018670,SK가스,KOSPI,Korea
018680,서울제약,KOSDAQ,Korea
018700,바른손,KOSDAQ,Korea
018880,한온시스템,KOSPI,Korea
019010,베뉴지,KOSDAQ,Korea
019170,신풍제약,KOSPI,Korea
019180,티에이치엔,KOSPI,Korea
019210,와이지-원,KOSDAQ,Korea
019440,세아특수강,KOSPI,Korea
019490,하이트론,KOSPI,Korea
019540,일지테크,KOSDAQ,Korea
019550,SBI인베스트먼트,KOSDAQ,Korea
019570,플루토스,KOSDAQ,Korea
019590,엠벤처투자,KOSDAQ,Korea
019660,글로본,KOSDAQ,Korea
019680,대교,KOSPI,Korea
019770,서연탑메탈,KOSDAQ,Korea
019990,에너토크,KOSDAQ,Korea
020000,한섬,KOSPI,Korea
020120,키다리스튜디오,KOSPI,Korea
020150,롯데에너지머티리얼즈,KOSPI,Korea
020180,대신정보통신,KOSDAQ,Korea
020400,대동금속,KOSDAQ,Korea
020560,아시아나항공,KOSPI,Korea
020710,시공테크,KOSDAQ,Korea
020760,일진디스플,KOSPI,Korea
021040,대호특수강,KOSDAQ,Korea
021050,서원,KOSPI,Korea
021080,에이티넘인베스트,KOSDAQ,Korea
021240,코웨이,KOSPI,Korea
021320,KCC건설,KOSDAQ,Korea
021650,한국큐빅,KOSDAQ,Korea
021820,세원정공,KOSPI,Korea
021880,메이슨캐피탈,KOSDAQ,Korea
022100,포스코DX,KOSPI,Korea
022220,TKG애강,KOSDAQ,Korea
023000,삼원강재,KOSPI,Korea
023150,MH에탄올,KOSPI,Korea
023160,태광,KOSDAQ,Korea
023350,한국종합기술,KOSPI,Korea
023410,유진기업,KOSDAQ,Korea
023440,제이스코홀딩스,KOSDAQ,Korea
023450,동남합성,KOSPI,Korea
023460,CNH,KOSDAQ,Korea
023530,롯데쇼핑,KOSPI,Korea
023590,다우기술,KOSPI,Korea
023600,삼보판지,KOSDAQ,Korea
023760,한국캐피탈,KOSDAQ,Korea
023770,플레이위드,KOSDAQ,Korea
023790,동일철강,KOSDAQ,Korea
023800,인지컨트롤스,KOSPI,Korea
023810,인팩,KOSPI,Korea
023900,풍국주정,KOSDAQ,Korea
023910,대한약품,KOSDAQ,Korea
023960,에쓰씨엔지니어링,KOSPI,Korea
024060,흥구석유,KOSDAQ,Korea
024070,WISCOM,KOSPI,Korea
024090,디씨엠,KOSPI,Korea
024110,기업은행,KOSPI,Korea
024120,KB오토시스,KOSDAQ,Korea
024720,콜마홀딩스,KOSPI,Korea
024740,한일단조,KOSDAQ,Korea
024800,유성티엔에스,KOSDAQ,Korea
024810,이화전기,KOSDAQ,Korea
024830,세원물산,KOSDAQ,Korea
024840,KBI메탈,KOSDAQ,Korea
024850,HLB이노베이션,KOSDAQ,Korea
024880,케이피에프,KOSDAQ,Korea
024890,대원화성,KOSPI,Korea
024900,덕양산업,KOSPI,Korea
024910,경창산업,KOSDAQ,Korea
024940,PN풍년,KOSDAQ,Korea
024950,삼천리자전거,KOSDAQ,Korea
025000,KPX케미칼,KOSPI,Korea
025320,시노펙스,KOSDAQ,Korea
025440,DH오토웨어,KOSDAQ,Korea
025530,SJM홀딩스,KOSPI,Korea
025540,한국단자,KOSPI,Korea
025550,한국선재,KOSDAQ,Korea
025560,미래산업,KOSPI,Korea
025620,제이준코스메틱,KOSPI,Korea
025750,한솔홈데코,KOSPI,Korea
025770,한국정보통신,KOSDAQ,Korea
025820,이구산업,KOSPI,Korea
025860,남해화학,KOSPI,Korea
025870,신라에스지,KOSDAQ,Korea
025880,케이씨피드,KOSDAQ,Korea
025890,한국주강,KOSPI,Korea
025900,동화기업,KOSDAQ,Korea
025950,동신건설,KOSDAQ,Korea
025980,아난티,KOSDAQ,Korea
026040,제이에스티나,KOSDAQ,Korea
026150,특수건설,KOSDAQ,Korea
026890,스틱인베스트먼트,KOSPI,Korea
026910,광진실업,KOSDAQ,Korea
026940,부국철강,KOSPI,Korea
026960,동서,KOSPI,Korea
027040,서울전자통신,KOSDAQ,Korea
027050,코리아나,KOSDAQ,Korea
027360,아주IB투자,KOSDAQ,Korea
027410,BGF,KOSPI,Korea
027580,상보,KOSDAQ,Korea
027710,팜스토리,KOSDAQ,Korea
027740,마니커,KOSPI,Korea
027830,대성창투,KOSDAQ,Korea
027970,한국제지,KOSPI,Korea
028050,삼성E&A,KOSPI,Korea
028080,휴맥스홀딩스,KOSDAQ,Korea
028100,동아지질,KOSPI,Korea
028260,삼성물산,KOSPI,Korea
028300,HLB,KOSDAQ,Korea
028670,팬오션,KOSPI,Korea
029460,케이씨,KOSPI,Korea
029480,광무,KOSDAQ,Korea
029530,신도리코,KOSPI,Korea
029780,삼성카드,KOSPI,Korea
029960,코엔텍,KOSDAQ,Korea
030000,제일기획,KOSPI,Korea
030190,NICE평가정보,KOSPI,Korea
030200,KT,KOSPI,Korea
030210,다올투자증권,KOSPI,Korea
030350,드래곤플라이,KOSDAQ,Korea
030520,한글과컴퓨터,KOSDAQ,Korea
030530,원익홀딩스,KOSDAQ,Korea
030610,교보증권,KOSPI,Korea
030720,동원수산,KOSPI,Korea
030960,양지사,KOSDAQ,Korea
031310,아이즈비전,KOSDAQ,Korea
031330,에스에이엠티,KOSDAQ,Korea
031430,신세계인터내셔날,KOSPI,Korea
031440,신세계푸드,KOSPI,Korea
031510,오스템,KOSDAQ,Korea
031820,콤텍시스템,KOSPI,Korea
031860,에스유홀딩스,KOSDAQ,Korea
031980,피에스케이홀딩스,KOSDAQ,Korea
032080,아즈텍WB,KOSDAQ,Korea
032190,다우데이타,KOSDAQ,Korea
032280,삼일,KOSDAQ,Korea
032300,한국파마,KOSDAQ,Korea
032350,롯데관광개발,KOSPI,Korea
032500,케이엠더블유,KOSDAQ,Korea
032540,TJ미디어,KOSDAQ,Korea
032560,황금에스티,KOSPI,Korea
032580,피델릭스,KOSDAQ,Korea
032620,유비케어,KOSDAQ,Korea
032640,LG유플러스,KOSPI,Korea
032680,소프트센,KOSDAQ,Korea
032750,삼진,KOSDAQ,Korea
032790,엠젠솔루션,KOSDAQ,Korea
032800,판타지오,KOSDAQ,Korea
032820,우리기술,KOSDAQ,Korea
032830,삼성생명,KOSPI,Korea
032850,비트컴퓨터,KOSDAQ,Korea
032860,더라미,KOSDAQ,Korea
032940,원익,KOSDAQ,Korea
032960,동일기연,KOSDAQ,Korea
032980,바이온,KOSDAQ,Korea
033050,제이엠아이,KOSDAQ,Korea
033100,제룡전기,KOSDAQ,Korea
033130,디지틀조선,KOSDAQ,Korea
033160,엠케이전자,KOSDAQ,Korea
033170,시그네틱스,KOSDAQ,Korea
033180,KH 필룩스,KOSPI,Korea
033200,모아텍,KOSDAQ,Korea
033230,인성정보,KOSDAQ,Korea
033240,자화전자,KOSPI,Korea
033250,체시스,KOSPI,Korea
033270,유나이티드제약,KOSPI,Korea
033290,코웰패션,KOSDAQ,Korea
033310,엠투엔,KOSDAQ,Korea
033320,제이씨현시스템,KOSDAQ,Korea
033340,좋은사람들,KOSDAQ,Korea
033500,동성화인텍,KOSDAQ,Korea
033530,에스제이지세종,KOSPI,Korea
033540,파라텍,KOSDAQ,Korea
033560,블루콤,KOSDAQ,Korea
033640,네패스,KOSDAQ,Korea
033780,KT&G,KOSPI,Korea
033790,스카이문스테크놀로지,KOSDAQ,Korea
033830,티비씨,KOSDAQ,Korea
033920,무학,KOSPI,Korea
034020,두산에너빌리티,KOSPI,Korea
034120,SBS,KOSPI,Korea
034220,LG디스플레이,KOSPI,Korea
034230,파라다이스,KOSDAQ,Korea
034300,신세계건설,KOSPI,Korea
034310,NICE,KOSPI,Korea
034590,인천도시가스,KOSPI,Korea
034730,SK,KOSPI,Korea
034810,해성산업,KOSDAQ,Korea
034830,한국토지신탁,KOSPI,Korea
034940,조아제약,KOSDAQ,Korea
034950,한국기업평가,KOSDAQ,Korea
035000,HS애드,KOSPI,Korea
035080,그래디언트,KOSDAQ,Korea
035150,백산,KOSPI,Korea
035200,프럼파스트,KOSDAQ,Korea
035250,강원랜드,KOSPI,Korea
035290,골드앤에스,KOSDAQ,Korea
035420,NAVER,KOSPI,Korea
035460,기산텔레콤,KOSDAQ,Korea
035510,신세계 I&C,KOSPI,Korea
035600,KG이니시스,KOSDAQ,Korea
035610,솔본,KOSDAQ,Korea
035620,바른손이앤에이,KOSDAQ,Korea
035720,카카오,KOSPI,Korea
035760,CJ ENM,KOSDAQ,Korea
035810,이지홀딩스,KOSDAQ,Korea
035890,서희건설,KOSDAQ,Korea
035900,JYP Ent.,KOSDAQ,Korea
036000,예림당,KOSDAQ,Korea
036010,아비코전자,KOSDAQ,Korea
036030,케이티알파,KOSDAQ,Korea
036090,위지트,KOSDAQ,Korea
036120,SCI평가정보,KOSDAQ,Korea
036170,클라우드에어,KOSDAQ,Korea
036180,지더블유바이텍,KOSDAQ,Korea
036190,금화피에스시,KOSDAQ,Korea
036200,유니셈,KOSDAQ,Korea
036220,오상헬스케어,KOSDAQ,Korea
036420,콘텐트리중앙,KOSPI,Korea
036460,한국가스공사,KOSPI,Korea
036480,대성미생물,KOSDAQ,Korea
036530,SNT홀딩스,KOSPI,Korea
036540,SFA반도체,KOSDAQ,Korea
036560,영풍정밀,KOSDAQ,Korea
036570,엔씨소프트,KOSPI,Korea
036580,팜스코,KOSPI,Korea
036620,감성코퍼레이션,KOSDAQ,Korea
036630,세종텔레콤,KOSDAQ,Korea
036640,HRS,KOSDAQ,Korea
036670,KCI,KOSDAQ,Korea
036690,코맥스,KOSDAQ,Korea
036710,심텍홀딩스,KOSDAQ,Korea
036800,나이스정보통신,KOSDAQ,Korea
036810,에프에스티,KOSDAQ,Korea
036830,솔브레인홀딩스,KOSDAQ,Korea
036890,진성티이씨,KOSDAQ,Korea
036930,주성엔지니어링,KOSDAQ,Korea
037030,파워넷,KOSDAQ,Korea
037070,파세코,KOSDAQ,Korea
037230,한국팩키지,KOSDAQ,Korea
037270,YG PLUS,KOSPI,Korea
037330,인지디스플레,KOSDAQ,Korea
037350,성도이엔지,KOSDAQ,Korea
037370,EG,KOSDAQ,Korea
037400,우리엔터프라이즈,KOSDAQ,Korea
037440,희림,KOSDAQ,Korea
037460,삼지전자,KOSDAQ,Korea
037560,LG헬로비전,KOSPI,Korea
037710,광주신세계,KOSPI,Korea
037760,쎄니트,KOSDAQ,Korea
037950,엘컴텍,KOSDAQ,Korea
038010,제일테크노스,KOSDAQ,Korea
038060,루멘스,KOSDAQ,Korea
038070,서린바이오,KOSDAQ,Korea
038110,에코플라스틱,KOSDAQ,Korea
038290,마크로젠,KOSDAQ,Korea
038340,MIT,KOSDAQ,Korea
038390,레드캡투어,KOSDAQ,Korea
038460,바이오스마트,KOSDAQ,Korea
038500,삼표시멘트,KOSDAQ,Korea
038530,케이바이오,KOSDAQ,Korea
038540,상상인,KOSDAQ,Korea
038620,위즈코프,KOSDAQ,Korea
038680,에스넷,KOSDAQ,Korea
038870,에코바이오,KOSDAQ,Korea
038880,아이에이,KOSDAQ,Korea
038950,파인디지털,KOSDAQ,Korea
039010,현대에이치티,KOSDAQ,Korea
039020,이건홀딩스,KOSDAQ,Korea
039030,이오테크닉스,KOSDAQ,Korea
039130,하나투어,KOSPI,Korea
039200,오스코텍,KOSDAQ,Korea
039240,경남스틸,KOSDAQ,Korea
039290,인포뱅크,KOSDAQ,Korea
039310,세중,KOSDAQ,Korea
039340,한국경제TV,KOSDAQ,Korea
039420,케이엘넷,KOSDAQ,Korea
039440,에스티아이,KOSDAQ,Korea
039490,키움증권,KOSPI,Korea
039560,다산네트웍스,KOSDAQ,Korea
039570,HDC랩스,KOSPI,Korea
039610,화성밸브,KOSDAQ,Korea
039740,한국정보공학,KOSDAQ,Korea
039830,오로라,KOSDAQ,Korea
039840,디오,KOSDAQ,Korea
039860,나노엔텍,KOSDAQ,Korea
039980,폴라리스AI,KOSDAQ,Korea
040160,누리플렉스,KOSDAQ,Korea
040300,YTN,KOSDAQ,Korea
040350,크레오에스지,KOSDAQ,Korea
040420,정상제이엘에스,KOSDAQ,Korea
040610,SG&G,KOSDAQ,Korea
040910,아이씨디,KOSDAQ,Korea
041020,폴라리스오피스,KOSDAQ,Korea
041190,우리기술투자,KOSDAQ,Korea
041440,현대에버다임,KOSDAQ,Korea
041460,한국전자인증,KOSDAQ,Korea
041510,에스엠,KOSDAQ,Korea
041520,이엘씨,KOSDAQ,Korea
041590,플래스크,KOSDAQ,Korea
041650,상신브레이크,KOSPI,Korea
041830,인바디,KOSDAQ,Korea
041910,폴라리스AI파마,KOSDAQ,Korea
041920,메디아나,KOSDAQ,Korea
041930,동아화성,KOSDAQ,Korea
041960,코미팜,KOSDAQ,Korea
042000,카페24,KOSDAQ,Korea
042040,케이피엠테크,KOSDAQ,Korea
042110,에스씨디,KOSDAQ,Korea
042370,비츠로테크,KOSDAQ,Korea
042420,네오위즈홀딩스,KOSDAQ,Korea
042500,링네트,KOSDAQ,Korea
042510,라온시큐어,KOSDAQ,Korea
042520,한스바이오메드,KOSDAQ,Korea
042600,새로닉스,KOSDAQ,Korea
042660,한화오션,KOSPI,Korea
042670,HD현대인프라코어,KOSPI,Korea
042700,한미반도체,KOSPI,Korea
042940,상지건설,KOSDAQ,Korea
043090,더테크놀로지,KOSDAQ,Korea
043100,솔고바이오,KOSDAQ,Korea
043150,바텍,KOSDAQ,Korea
043200,파루,KOSDAQ,Korea
043220,티에스넥스젠,KOSDAQ,Korea
043260,성호전자,KOSDAQ,Korea
043340,에쎈테크,KOSDAQ,Korea
043360,디지아이,KOSDAQ,Korea
043370,피에이치에이,KOSDAQ,Korea
043590,웰킵스하이텍,KOSDAQ,Korea
043610,지니뮤직,KOSDAQ,Korea
043650,국순당,KOSDAQ,Korea
043710,서울리거,KOSDAQ,Korea
043910,자연과환경,KOSDAQ,Korea
044060,조광ILI,KOSDAQ,Korea
044180,KD,KOSDAQ,Korea
044340,위닉스,KOSDAQ,Korea
044380,주연테크,KOSPI,Korea
044450,KSS해운,KOSPI,Korea
044480,블레이드 Ent,KOSDAQ,Korea
044490,태웅,KOSDAQ,Korea
044780,에이치케이,KOSDAQ,Korea
044820,코스맥스비티아이,KOSPI,Korea
044960,이글벳,KOSDAQ,Korea
044990,에이치엔에스하이텍,KONEX,Korea
045060,오공,KOSDAQ,Korea
045100,한양이엔지,KOSDAQ,Korea
045300,성우테크론,KOSDAQ,Korea
045340,토탈소프트,KOSDAQ,Korea
045390,대아티아이,KOSDAQ,Korea
045510,정원엔시스,KOSDAQ,Korea
045520,크린앤사이언스,KOSDAQ,Korea
045660,에이텍,KOSDAQ,Korea
045970,코아시아,KOSDAQ,Korea
046070,코다코,KOSDAQ,Korea
046120,오르비텍,KOSDAQ,Korea
046210,HLB파나진,KOSDAQ,Korea
046310,백금T&A,KOSDAQ,Korea
046390,삼화네트웍스,KOSDAQ,Korea
046440,KG모빌리언스,KOSDAQ,Korea
046890,서울반도체,KOSDAQ,Korea
046940,우원개발,KOSDAQ,Korea
046970,우리로,KOSDAQ,Korea
047040,대우건설,KOSPI,Korea
047050,포스코인터내셔널,KOSPI,Korea
047080,한빛소프트,KOSDAQ,Korea
047310,파워로직스,KOSDAQ,Korea
047400,유니온머티리얼,KOSPI,Korea
047560,이스트소프트,KOSDAQ,Korea
047770,코데즈컴바인,KOSDAQ,Korea
047810,한국항공우주,KOSPI,Korea
047820,초록뱀미디어,KOSDAQ,Korea
047920,HLB제약,KOSDAQ,Korea
048410,현대바이오,KOSDAQ,Korea
048430,유라테크,KOSDAQ,Korea
048470,대동스틸,KOSDAQ,Korea
048530,인트론바이오,KOSDAQ,Korea
048550,SM C&C,KOSDAQ,Korea
048770,TPC,KOSDAQ,Korea
048830,엔피케이,KOSDAQ,Korea
048870,시너지이노베이션,KOSDAQ,Korea
048910,대원미디어,KOSDAQ,Korea
049070,인탑스,KOSDAQ,Korea
049080,기가레인,KOSDAQ,Korea
049120,파인디앤씨,KOSDAQ,Korea
049180,셀루메드,KOSDAQ,Korea
049430,코메론,KOSDAQ,Korea
049470,SGA,KOSDAQ,Korea
049480,오픈베이스,KOSDAQ,Korea
049520,유아이엘,KOSDAQ,Korea
049550,잉크테크,KOSDAQ,Korea
049630,재영솔루텍,KOSDAQ,Korea
049720,고려신용정보,KOSDAQ,Korea
049770,동원F&B,KOSPI,Korea
049800,우진플라임,KOSPI,Korea
049830,승일,KOSDAQ,Korea
049950,미래컴퍼니,KOSDAQ,Korea
049960,쎌바이오텍,KOSDAQ,Korea
050090,비케이홀딩스,KOSDAQ,Korea
050110,캠시스,KOSDAQ,Korea
050120,ES큐브,KOSDAQ,Korea
050760,에스폴리텍,KOSDAQ,Korea
050860,아세아텍,KOSDAQ,Korea
050890,쏠리드,KOSDAQ,Korea
050960,수산아이앤티,KOSDAQ,Korea
051160,지어소프트,KOSDAQ,Korea
051360,토비스,KOSDAQ,Korea
051370,인터플렉스,KOSDAQ,Korea
051380,피씨디렉트,KOSDAQ,Korea
051390,YW,KOSDAQ,Korea
051490,나라엠앤디,KOSDAQ,Korea
051500,CJ프레시웨이,KOSDAQ,Korea
051600,한전KPS,KOSPI,Korea
051630,진양화학,KOSPI,Korea
051780,큐로홀딩스,KOSDAQ,Korea
051900,LG생활건강,KOSPI,Korea
051910,LG화학,KOSPI,Korea
051915,LG화학우,KOSPI,Korea
051980,중앙첨단소재,KOSDAQ,Korea
052020,에스티큐브,KOSDAQ,Korea
052220,iMBC,KOSDAQ,Korea
052260,현대바이오랜드,KOSDAQ,Korea
052300,씨티프라퍼티,KOSDAQ,Korea
052330,코텍,KOSDAQ,Korea
052400,코나아이,KOSDAQ,Korea
052420,오성첨단소재,KOSDAQ,Korea
052460,아이크래프트,KOSDAQ,Korea
052600,한네트,KOSDAQ,Korea
052670,제일바이오,KOSDAQ,Korea
052690,한전기술,KOSPI,Korea
052710,아모텍,KOSDAQ,Korea
052770,아이톡시,KOSDAQ,Korea
052790,액토즈소프트,KOSDAQ,Korea
052860,아이앤씨,KOSDAQ,Korea
052900,KX하이텍,KOSDAQ,Korea
052960,태양3C,KONEX,Korea
053030,바이넥스,KOSDAQ,Korea
053050,지에스이,KOSDAQ,Korea
053060,세동,KOSDAQ,Korea
053080,케이엔솔,KOSDAQ,Korea
053160,프리엠스,KOSDAQ,Korea
053210,스카이라이프,KOSPI,Korea
053260,금강철강,KOSDAQ,Korea
053270,구영테크,KOSDAQ,Korea
053280,예스24,KOSDAQ,Korea
053290,NE능률,KOSDAQ,Korea
053300,한국정보인증,KOSDAQ,Korea
053350,이니텍,KOSDAQ,Korea
053450,세코닉스,KOSDAQ,Korea
053580,웹케시,KOSDAQ,Korea
053590,한국테크놀로지,KOSDAQ,Korea
053610,프로텍,KOSDAQ,Korea
053620,태양,KOSDAQ,Korea
053690,한미글로벌,KOSPI,Korea
053700,삼보모터스,KOSDAQ,Korea
053800,안랩,KOSDAQ,Korea
053950,경남제약,KOSDAQ,Korea
053980,오상자이엘,KOSDAQ,Korea
054040,한국컴퓨터,KOSDAQ,Korea
054050,농우바이오,KOSDAQ,Korea
054090,삼진엘앤디,KOSDAQ,Korea
054180,메디콕스,KOSDAQ,Korea
054210,이랜텍,KOSDAQ,Korea
054220,비츠로시스,KOSDAQ,Korea
054300,팬스타엔터프라이즈,KOSDAQ,Korea
054410,케이피티유,KOSDAQ,Korea
054450,텔레칩스,KOSDAQ,Korea
054540,삼영엠텍,KOSDAQ,Korea
054620,APS,KOSDAQ,Korea
054630,에이디칩스,KOSDAQ,Korea
054670,대한뉴팜,KOSDAQ,Korea
054780,키이스트,KOSDAQ,Korea
054800,아이디스홀딩스,KOSDAQ,Korea
054920,한컴위드,KOSDAQ,Korea
054930,유신,KOSDAQ,Korea
054940,엑사이엔씨,KOSDAQ,Korea
054950,제이브이엠,KOSDAQ,Korea
055490,테이팩스,KOSPI,Korea
055550,신한지주,KOSPI,Korea
056080,유진로봇,KOSDAQ,Korea
056090,이노시스,KOSDAQ,Korea
056190,에스에프에이,KOSDAQ,Korea
056360,코위버,KOSDAQ,Korea
056700,신화인터텍,KOSDAQ,Korea
056730,CNT85,KOSDAQ,Korea
057030,YBM넷,KOSDAQ,Korea
057050,현대홈쇼핑,KOSPI,Korea
057540,옴니시스템,KOSDAQ,Korea
057680,티사이언티픽,KOSDAQ,Korea
057880,푸른소나무,KOSDAQ,Korea
058110,멕아이씨에스,KOSDAQ,Korea
058400,KNN,KOSDAQ,Korea
058430,포스코스틸리온,KOSPI,Korea
058450,엔터파트너즈,KOSDAQ,Korea
058470,리노공업,KOSDAQ,Korea
058530,파나케이아,KOSDAQ,Korea
058610,에스피지,KOSDAQ,Korea
058630,엠게임,KOSDAQ,Korea
058650,세아홀딩스,KOSPI,Korea
058730,다스코,KOSPI,Korea
058820,CMG제약,KOSDAQ,Korea
058850,KTcs,KOSPI,Korea
058860,KTis,KOSPI,Korea
058970,엠로,KOSDAQ,Korea
059090,미코,KOSDAQ,Korea
059100,아이컴포넌트,KOSDAQ,Korea
059120,아진엑스텍,KOSDAQ,Korea
059210,메타바이오메드,KOSDAQ,Korea
059270,해성에어로보틱스,KOSDAQ,Korea
060150,인선이엔티,KOSDAQ,Korea
060230,소니드,KOSDAQ,Korea
060240,룽투코리아,KOSDAQ,Korea
060250,NHN KCP,KOSDAQ,Korea
060260,뉴보텍,KOSDAQ,Korea
060280,큐렉소,KOSDAQ,Korea
060310,3S,KOSDAQ,Korea
060370,LS마린솔루션,KOSDAQ,Korea
060380,동양에스텍,KOSDAQ,Korea
060480,국일신동,KOSDAQ,Korea
060540,에스에이티,KOSDAQ,Korea
060560,홈센타홀딩스,KOSDAQ,Korea
060570,드림어스컴퍼니,KOSDAQ,Korea
060590,씨티씨바이오,KOSDAQ,Korea
060720,KH바텍,KOSDAQ,Korea
060850,영림원소프트랩,KOSDAQ,Korea
060900,DGP,KOSDAQ,Korea
060980,HL홀딩스,KOSPI,Korea
061040,알에프텍,KOSDAQ,Korea
061250,화일약품,KOSDAQ,Korea
061970,LB세미콘,KOSDAQ,Korea
062860,티엘아이,KOSDAQ,Korea
062970,피피아이,KOSDAQ,Korea
063080,컴투스홀딩스,KOSDAQ,Korea
063160,종근당바이오,KOSPI,Korea
063170,서울옥션,KOSDAQ,Korea
063440,SM Life Design,KOSDAQ,Korea
063570,한국전자금융,KOSDAQ,Korea
063760,이엘피,KOSDAQ,Korea
064090,웨스트라이즈,KOSDAQ,Korea
064240,홈캐스트,KOSDAQ,Korea
064260,다날,KOSDAQ,Korea
064290,인텍플러스,KOSDAQ,Korea
064350,현대로템,KOSPI,Korea
064480,브리지텍,KOSDAQ,Korea
064520,테크엘,KOSDAQ,Korea
064550,바이오니아,KOSDAQ,Korea
064760,티씨케이,KOSDAQ,Korea
064800,젬백스링크,KOSDAQ,Korea
064820,케이프,KOSDAQ,Korea
064850,에프앤가이드,KOSDAQ,Korea
064960,SNT모티브,KOSPI,Korea
065060,지엔코,KOSDAQ,Korea
065130,탑엔지니어링,KOSDAQ,Korea
065150,대산F&B,KOSDAQ,Korea
065170,비엘팜텍,KOSDAQ,Korea
065350,신성델타테크,KOSDAQ,Korea
065370,위세아이텍,KOSDAQ,Korea
065420,에스아이리소스,KOSDAQ,Korea
065440,이루온,KOSDAQ,Korea
065450,빅텍,KOSDAQ,Korea
065500,오리엔트정공,KOSDAQ,Korea
065510,휴비츠,KOSDAQ,Korea
065530,와이어블,KOSDAQ,Korea
065560,녹원씨엔아이,KOSDAQ,Korea
065570,삼영이엔씨,KOSDAQ,Korea
065650,하이퍼코퍼레이션,KOSDAQ,Korea
065660,안트로젠,KOSDAQ,Korea
065680,우주일렉트로,KOSDAQ,Korea
065690,파커스,KOSDAQ,Korea
065710,서호전기,KOSDAQ,Korea
065770,CS,KOSDAQ,Korea
065950,웰크론,KOSDAQ,Korea
066130,하츠,KOSDAQ,Korea
066310,큐에스아이,KOSDAQ,Korea
066360,체리부로,KOSDAQ,Korea
066410,버킷스튜디오,KOSDAQ,Korea
066430,와이오엠,KOSDAQ,Korea
066570,LG전자,KOSPI,Korea
066590,우수AMS,KOSDAQ,Korea
066620,국보디자인,KOSDAQ,Korea
066670,디티씨,KOSDAQ,Korea
066700,테라젠이텍스,KOSDAQ,Korea
066790,씨씨에스,KOSDAQ,Korea
066830,제노텍,KONEX,Korea
066900,디에이피,KOSDAQ,Korea
066910,손오공,KOSDAQ,Korea
066970,엘앤에프,KOSPI,Korea
066980,한성크린텍,KOSDAQ,Korea
067000,조이시티,KOSDAQ,Korea
067010,이씨에스,KOSDAQ,Korea
067080,대화제약,KOSDAQ,Korea
067160,SOOP,KOSDAQ,Korea
067170,오텍,KOSDAQ,Korea
067280,멀티캠퍼스,KOSDAQ,Korea
067290,JW신약,KOSDAQ,Korea
067310,하나마이크론,KOSDAQ,Korea
067370,선바이오,KOSDAQ,Korea
067390,아스트,KOSDAQ,Korea
067570,엔브이에이치코리아,KOSDAQ,Korea
067630,HLB생명과학,KOSDAQ,Korea
067730,로지시스,KOSDAQ,Korea
067770,세진티에스,KOSDAQ,Korea
067830,세이브존I&C,KOSPI,Korea
067900,와이엔텍,KOSDAQ,Korea
067920,이글루,KOSDAQ,Korea
067990,도이치모터스,KOSDAQ,Korea
068050,팬엔터테인먼트,KOSDAQ,Korea
068100,케이웨더,KOSDAQ,Korea
068240,다원시스,KOSDAQ,Korea
068270,셀트리온,KOSPI,Korea
068290,삼성출판사,KOSPI,Korea
068330,일신바이오,KOSDAQ,Korea
068760,셀트리온제약,KOSDAQ,Korea
068790,DMS,KOSDAQ,Korea
068930,디지털대성,KOSDAQ,Korea
068940,셀피글로벌,KOSDAQ,Korea
069080,웹젠,KOSDAQ,Korea
069140,누리플랜,KOSDAQ,Korea
069260,TKG휴켐스,KOSPI,Korea
069330,유아이디,KOSDAQ,Korea
069410,엔텔스,KOSDAQ,Korea
069460,대호에이엘,KOSPI,Korea
069510,에스텍,KOSDAQ,Korea
069540,빛과전자,KOSDAQ,Korea
069620,대웅제약,KOSPI,Korea
069640,한세엠케이,KOSPI,Korea
069730,DSR제강,KOSPI,Korea
069920,아이에스이커머스,KOSDAQ,Korea
069960,현대백화점,KOSPI,Korea
070300,엑스큐어,KOSDAQ,Korea
070590,한솔인티큐브,KOSDAQ,Korea
070960,용평리조트,KOSPI,Korea
071050,한국금융지주,KOSPI,Korea
071090,하이스틸,KOSPI,Korea
071200,인피니트헬스케어,KOSDAQ,Korea
071280,로체시스템즈,KOSDAQ,Korea
071320,지역난방공사,KOSPI,Korea
071460,위니아,KOSDAQ,Korea
071670,에이테크솔루션,KOSDAQ,Korea
071840,롯데하이마트,KOSPI,Korea
071850,캐스텍코리아,KOSDAQ,Korea
071950,코아스,KOSPI,Korea
071970,STX중공업,KOSPI,Korea
072020,중앙백신,KOSDAQ,Korea
072130,유엔젤,KOSPI,Korea
072470,우리산업홀딩스,KOSDAQ,Korea
072520,제넨바이오,KOSDAQ,Korea
072710,농심홀딩스,KOSPI,Korea
072770,율호,KOSDAQ,Korea
072870,메가스터디,KOSDAQ,Korea
072950,빛샘전자,KOSDAQ,Korea
072990,에이치시티,KOSDAQ,Korea
073010,케이에스피,KOSDAQ,Korea
073110,엘엠에스,KOSDAQ,Korea
073190,듀오백,KOSDAQ,Korea
073240,금호타이어,KOSPI,Korea
073490,이노와이어리스,KOSDAQ,Korea
073540,에프알텍,KOSDAQ,Korea
073560,우리손에프앤지,KOSDAQ,Korea
073570,리튬포어스,KOSDAQ,Korea
073640,테라사이언스,KOSDAQ,Korea
074430,아미노로직스,KOSDAQ,Korea
074600,원익QnC,KOSDAQ,Korea
074610,이엔플러스,KOSPI,Korea
075130,플랜티넷,KOSDAQ,Korea
075180,새론오토모티브,KOSPI,Korea
075580,세진중공업,KOSPI,Korea
075970,동국알앤에스,KOSDAQ,Korea
076080,웰크론한텍,KOSDAQ,Korea
076340,관악산업,KONEX,Korea
076610,해성옵틱스,KOSDAQ,Korea
077360,덕산하이메탈,KOSDAQ,Korea
077500,유니퀘스트,KOSPI,Korea
077970,STX엔진,KOSPI,Korea
078000,텔코웨어,KOSPI,Korea
078020,이베스트투자증권,KOSDAQ,Korea
078070,유비쿼스홀딩스,KOSDAQ,Korea
078130,국일제지,KOSDAQ,Korea
078140,대봉엘에스,KOSDAQ,Korea
078150,HB테크놀러지,KOSDAQ,Korea
078160,메디포스트,KOSDAQ,Korea
078340,컴투스,KOSDAQ,Korea
078350,한양디지텍,KOSDAQ,Korea
078520,에이블씨엔씨,KOSPI,Korea
078590,휴림에이텍,KOSDAQ,Korea
078600,대주전자재료,KOSDAQ,Korea
078860,아이오케이,KOSDAQ,Korea
078890,가온그룹,KOSDAQ,Korea
078930,GS,KOSPI,Korea
078940,퀀타피아,KOSDAQ,Korea
079000,와토스코리아,KOSDAQ,Korea
079160,CJ CGV,KOSPI,Korea
079170,한창산업,KOSDAQ,Korea
079190,케스피온,KOSDAQ,Korea
079370,제우스,KOSDAQ,Korea
079430,현대리바트,KOSPI,Korea
079550,LIG넥스원,KOSPI,Korea
079650,서산,KOSDAQ,Korea
079810,디이엔티,KOSDAQ,Korea
079940,가비아,KOSDAQ,Korea
079950,인베니아,KOSDAQ,Korea
079960,동양이엔피,KOSDAQ,Korea
079970,투비소프트,KOSDAQ,Korea
079980,휴비스,KOSPI,Korea
080000,에스엔유,KOSDAQ,Korea
080010,이상네트웍스,KOSDAQ,Korea
080160,모두투어,KOSDAQ,Korea
080220,제주반도체,KOSDAQ,Korea
080420,모다이노칩,KOSDAQ,Korea
080470,성창오토텍,KOSDAQ,Korea
080520,오디텍,KOSDAQ,Korea
080530,코디,KOSDAQ,Korea
080580,오킨스전자,KOSDAQ,Korea
080720,한국유니온제약,KOSDAQ,Korea
081000,일진다이아,KOSPI,Korea
081150,티플랙스,KOSDAQ,Korea
081580,성우전자,KOSDAQ,Korea
081660,휠라홀딩스,KOSPI,Korea
082210,옵트론텍,KOSDAQ,Korea
082270,젬백스,KOSDAQ,Korea
082640,동양생명,KOSPI,Korea
082660,코스나인,KOSDAQ,Korea
082740,한화엔진,KOSPI,Korea
082800,비보존 제약,KOSDAQ,Korea
082850,우리바이오,KOSDAQ,Korea
082920,비츠로셀,KOSDAQ,Korea
083310,엘오티베큠,KOSDAQ,Korea
083420,그린케미칼,KOSPI,Korea
083450,GST,KOSDAQ,Korea
083470,이엠앤아이,KOSDAQ,Korea
083500,에프엔에스테크,KOSDAQ,Korea
083550,케이엠,KOSDAQ,Korea
083640,인콘,KOSDAQ,Korea
083650,비에이치아이,KOSDAQ,Korea
083660,CSA 코스믹,KOSDAQ,Korea
083790,CG인바이츠,KOSDAQ,Korea
083930,아바코,KOSDAQ,Korea
084010,대한제강,KOSPI,Korea
084110,휴온스글로벌,KOSDAQ,Korea
084180,수성웹툰,KOSDAQ,Korea
084370,유진테크,KOSDAQ,Korea
084440,유비온,KOSDAQ,Korea
084650,랩지노믹스,KOSDAQ,Korea
084670,동양고속,KOSPI,Korea
084680,이월드,KOSPI,Korea
084690,대상홀딩스,KOSPI,Korea
084730,팅크웨어,KOSDAQ,Korea
084850,아이티엠반도체,KOSDAQ,Korea
084870,TBH글로벌,KOSPI,Korea
084990,헬릭스미스,KOSDAQ,Korea
085310,엔케이,KOSPI,Korea
085620,미래에셋생명,KOSPI,Korea
085660,차바이오텍,KOSDAQ,Korea
085670,뉴프렉스,KOSDAQ,Korea
085810,알티캐스트,KOSDAQ,Korea
085910,네오티스,KOSDAQ,Korea
086040,바이오톡스텍,KOSDAQ,Korea
086060,진바이오텍,KOSDAQ,Korea
086220,광동헬스바이오,KONEX,Korea
086280,현대글로비스,KOSPI,Korea
086390,유니테스트,KOSDAQ,Korea
086450,동국제약,KOSDAQ,Korea
086460,큐러블,KONEX,Korea
086520,에코프로,KOSDAQ,Korea
086670,비엠티,KOSDAQ,Korea
086710,선진뷰티사이언스,KOSDAQ,Korea
086790,하나금융지주,KOSPI,Korea
086820,바이오솔루션,KOSDAQ,Korea
086890,이수앱지스,KOSDAQ,Korea
086900,메디톡스,KOSDAQ,Korea
086960,MDS테크,KOSDAQ,Korea
086980,쇼박스,KOSDAQ,Korea
087010,펩트론,KOSDAQ,Korea
087260,모바일어플라이언스,KOSDAQ,Korea
087600,픽셀플러스,KOSDAQ,Korea
088130,동아엘텍,KOSDAQ,Korea
088260,이리츠코크렙,KOSPI,Korea
088280,쏘닉스,KOSDAQ,Korea
088290,이원컴포텍,KOSDAQ,Korea
088350,한화생명,KOSPI,Korea
088390,이녹스,KOSDAQ,Korea
088790,진도,KOSPI,Korea
088800,에이스테크,KOSDAQ,Korea
088910,동우팜투테이블,KOSDAQ,Korea
088980,맥쿼리인프라,KOSPI,Korea
089010,켐트로닉스,KOSDAQ,Korea
089030,테크윙,KOSDAQ,Korea
089140,넥스턴바이오,KOSDAQ,Korea
089150,케이씨티,KOSDAQ,Korea
089230,THE E&M,KOSDAQ,Korea
089470,HDC현대EP,KOSPI,Korea
089530,에이티세미콘,KOSDAQ,Korea
089590,제주항공,KOSPI,Korea
089600,나스미디어,KOSDAQ,Korea
089790,제이티,KOSDAQ,Korea
089850,유비벨록스,KOSDAQ,Korea
089860,롯데렌탈,KOSPI,Korea
089890,코세스,KOSDAQ,Korea
089970,브이엠,KOSDAQ,Korea
089980,상아프론테크,KOSDAQ,Korea
090080,평화산업,KOSPI,Korea
090150,아이윈,KOSDAQ,Korea
090350,노루페인트,KOSPI,Korea
090360,로보스타,KOSDAQ,Korea
090370,메타랩스,KOSPI,Korea
090410,덕신이피씨,KOSDAQ,Korea
090430,아모레퍼시픽,KOSPI,Korea
090460,비에이치,KOSPI,Korea
090470,제이스텍,KOSDAQ,Korea
090710,휴림로봇,KOSDAQ,Korea
090850,현대이지웰,KOSDAQ,Korea
091090,세원이앤씨,KOSPI,Korea
091120,이엠텍,KOSDAQ,Korea
091340,S&K폴리텍,KOSDAQ,Korea
091440,한울소재과학,KOSDAQ,Korea
091580,상신이디피,KOSDAQ,Korea
091590,남화토건,KOSDAQ,Korea
091700,파트론,KOSDAQ,Korea
091810,티웨이항공,KOSPI,Korea
091970,나노캠텍,KOSDAQ,Korea
092040,아미코젠,KOSDAQ,Korea
092070,디엔에프,KOSDAQ,Korea
092130,이크레더블,KOSDAQ,Korea
092190,서울바이오시스,KOSDAQ,Korea
092200,디아이씨,KOSPI,Korea
092220,KEC,KOSPI,Korea
092230,KPX홀딩스,KOSPI,Korea
092300,현우산업,KOSDAQ,Korea
092440,기신정기,KOSPI,Korea
092460,한라IMS,KOSDAQ,Korea
092590,럭스피아,KONEX,Korea
092600,앤씨앤,KOSDAQ,Korea
092730,네오팜,KOSDAQ,Korea
092780,동양피스톤,KOSPI,Korea
092790,넥스틸,KOSPI,Korea
092870,엑시콘,KOSDAQ,Korea
093050,LF,KOSPI,Korea
093190,빅솔론,KOSDAQ,Korea
093230,이아이디,KOSPI,Korea
093240,형지엘리트,KOSPI,Korea
093320,케이아이엔엑스,KOSDAQ,Korea
093370,후성,KOSPI,Korea
093380,풍강,KOSDAQ,Korea
093510,엔지브이아이,KONEX,Korea
093520,매커스,KOSDAQ,Korea
093640,케이알엠,KOSDAQ,Korea
093920,서원인텍,KOSDAQ,Korea
094170,동운아나텍,KOSDAQ,Korea
094280,효성 ITX,KOSPI,Korea
094360,칩스앤미디어,KOSDAQ,Korea
094480,갤럭시아머니트리,KOSDAQ,Korea
094800,맵스리얼티1,KOSPI,Korea
094820,일진파워,KOSDAQ,Korea
094840,슈프리마에이치큐,KOSDAQ,Korea
094850,참좋은여행,KOSDAQ,Korea
094860,네오리진,KOSDAQ,Korea
094940,푸른기술,KOSDAQ,Korea
094970,제이엠티,KOSDAQ,Korea
095190,이엠코리아,KOSDAQ,Korea
095270,웨이브일렉트로,KOSDAQ,Korea
095340,ISC,KOSDAQ,Korea
095500,미래나노텍,KOSDAQ,Korea
095570,AJ네트웍스,KOSPI,Korea
095610,테스,KOSDAQ,Korea
095660,네오위즈,KOSDAQ,Korea
095700,제넥신,KOSDAQ,Korea
095720,웅진씽크빅,KOSPI,Korea
095910,에스에너지,KOSDAQ,Korea
096040,이트론,KOSDAQ,Korea
096240,크레버스,KOSDAQ,Korea
096350,대창솔루션,KOSDAQ,Korea
096530,씨젠,KOSDAQ,Korea
096610,알에프세미,KOSDAQ,Korea
096630,에스코넥,KOSDAQ,Korea
096690,에이루트,KOSDAQ,Korea
096760,JW홀딩스,KOSPI,Korea
096770,SK이노베이션,KOSPI,Korea
096870,엘디티,KOSDAQ,Korea
097230,HJ중공업,KOSPI,Korea
097520,엠씨넥스,KOSPI,Korea
097780,에코볼트,KOSDAQ,Korea
097800,윈팩,KOSDAQ,Korea
097870,효성오앤비,KOSDAQ,Korea
097950,CJ제일제당,KOSPI,Korea
098120,마이크로컨텍솔,KOSDAQ,Korea
098460,고영,KOSDAQ,Korea
098660,에스티오,KOSDAQ,Korea
099190,아이센스,KOSDAQ,Korea
099220,SDN,KOSDAQ,Korea
099320,쎄트렉아이,KOSDAQ,Korea
099390,브레인즈컴퍼니,KOSDAQ,Korea
099410,동방선기,KOSDAQ,Korea
099430,바이오플러스,KOSDAQ,Korea
099440,스맥,KOSDAQ,Korea
099520,ITX-AI,KOSDAQ,Korea
099750,이지케어텍,KOSDAQ,Korea
100030,인지소프트,KOSDAQ,Korea
100090,SK오션플랜트,KOSPI,Korea
100120,뷰웍스,KOSDAQ,Korea
100130,동국S&C,KOSDAQ,Korea
100220,비상교육,KOSPI,Korea
100250,진양홀딩스,KOSPI,Korea
100590,머큐리,KOSDAQ,Korea
100660,서암기계공업,KOSDAQ,Korea
100700,세운메디칼,KOSDAQ,Korea
100790,미래에셋벤처투자,KOSDAQ,Korea
100840,SNT에너지,KOSPI,Korea
101000,상상인인더스트리,KOSDAQ,Korea
101140,인바이오젠,KOSPI,Korea
101160,월덱스,KOSDAQ,Korea
101170,우림피티에스,KOSDAQ,Korea
101240,씨큐브,KOSDAQ,Korea
101330,모베이스,KOSDAQ,Korea
101360,에코앤드림,KOSDAQ,Korea
101390,아이엠,KOSDAQ,Korea
101400,엔시트론,KOSDAQ,Korea
101490,에스앤에스텍,KOSDAQ,Korea
101530,해태제과식품,KOSPI,Korea
101670,하이드로리튬,KOSDAQ,Korea
101680,한국정밀기계,KOSDAQ,Korea
101730,위메이드맥스,KOSDAQ,Korea
101930,인화정공,KOSDAQ,Korea
102120,어보브반도체,KOSDAQ,Korea
102260,동성케미컬,KOSPI,Korea
102280,쌍방울,KOSPI,Korea
102370,케이옥션,KOSDAQ,Korea
102460,이연제약,KOSPI,Korea
102710,이엔에프테크놀로지,KOSDAQ,Korea
102940,코오롱생명과학,KOSDAQ,Korea
102950,아하정보통신,KONEX,Korea
103140,풍산,KOSPI,Korea
103230,에스앤더블류,KOSDAQ,Korea
103590,일진전기,KOSPI,Korea
103660,씨앗,KONEX,Korea
103840,우양,KOSDAQ,Korea
104040,대성파인텍,KOSDAQ,Korea
104200,NHN벅스,KOSDAQ,Korea
104460,디와이피엔에프,KOSDAQ,Korea
104480,티케이케미칼,KOSDAQ,Korea
104540,코렌텍,KOSDAQ,Korea
104620,노랑풍선,KOSDAQ,Korea
104700,한국철강,KOSPI,Korea
104830,원익머트리얼즈,KOSDAQ,Korea
105330,케이엔더블유,KOSDAQ,Korea
105550,트루윈,KOSDAQ,Korea
105560,KB금융,KOSPI,Korea
105630,한세실업,KOSPI,Korea
105740,디케이락,KOSDAQ,Korea
105760,포스뱅크,KOSDAQ,Korea
105840,우진,KOSPI,Korea
106080,하이소닉,KOSDAQ,Korea
106190,하이텍팜,KOSDAQ,Korea
106240,파인테크닉스,KOSDAQ,Korea
106520,노블엠앤비,KOSDAQ,Korea
107590,미원홀딩스,KOSPI,Korea
107600,새빗켐,KOSDAQ,Korea
107640,한중엔시에스,KONEX,Korea
108230,톱텍,KOSDAQ,Korea
108320,LX세미콘,KOSPI,Korea
108380,대양전기공업,KOSDAQ,Korea
108490,로보티즈,KOSDAQ,Korea
108670,LX하우시스,KOSPI,Korea
108860,셀바스AI,KOSDAQ,Korea
109070,주성코퍼레이션,KOSPI,Korea
109080,옵티시스,KOSDAQ,Korea
109610,에스와이,KOSDAQ,Korea
109670,씨싸이트,KOSDAQ,Korea
109740,디에스케이,KOSDAQ,Korea
109820,진매트릭스,KOSDAQ,Korea
109860,동일금속,KOSDAQ,Korea
109960,AP헬스케어,KOSDAQ,Korea
110020,전진바이오팜,KOSDAQ,Korea
110790,크리스에프앤씨,KOSDAQ,Korea
110990,디아이티,KOSDAQ,Korea
111110,호전실업,KOSPI,Korea
111380,동인기연,KOSPI,Korea
111710,남화산업,KOSDAQ,Korea
111770,영원무역,KOSPI,Korea
111870,KH 미래물산,KOSDAQ,Korea
112040,위메이드,KOSDAQ,Korea
112190,KC산업,KONEX,Korea
112290,와이씨켐,KOSDAQ,Korea
112610,씨에스윈드,KOSPI,Korea
113810,디젠스,KOSDAQ,Korea
114090,GKL,KOSPI,Korea
114190,강원에너지,KOSDAQ,Korea
114450,그린생명과학,KOSDAQ,Korea
114630,폴라리스우노,KOSDAQ,Korea
114810,한솔아이원스,KOSDAQ,Korea
114840,아이패밀리에스씨,KOSDAQ,Korea
114920,대주이엔티,KONEX,Korea
115160,휴맥스,KOSDAQ,Korea
115180,큐리언트,KOSDAQ,Korea
115310,인포바인,KOSDAQ,Korea
115390,락앤락,KOSPI,Korea
115440,우리넷,KOSDAQ,Korea
115450,HLB테라퓨틱스,KOSDAQ,Korea
115480,씨유메디칼,KOSDAQ,Korea
115500,케이씨에스,KOSDAQ,Korea
115530,씨엔플러스,KOSDAQ,Korea
115570,스타플렉스,KOSDAQ,Korea
115610,이미지스,KOSDAQ,Korea
116100,태양기계,KONEX,Korea
117580,대성에너지,KOSPI,Korea
117670,알파홀딩스,KOSDAQ,Korea
117730,티로보틱스,KOSDAQ,Korea
118000,에스메디,KOSPI,Korea
118990,모트렉스,KOSDAQ,Korea
119500,포메탈,KOSDAQ,Korea
119610,인터로조,KOSDAQ,Korea
119650,KC코트렐,KOSPI,Korea
119830,아이텍,KOSDAQ,Korea
119850,지엔씨에너지,KOSDAQ,Korea
119860,커넥트웨이브,KOSDAQ,Korea
120030,조선선재,KOSPI,Korea
120110,코오롱인더,KOSPI,Korea
120240,대정화금,KOSDAQ,Korea
121060,유니포인트,KONEX,Korea
121440,골프존뉴딘홀딩스,KOSDAQ,Korea
121600,나노신소재,KOSDAQ,Korea
121800,비덴트,KOSDAQ,Korea
121850,코이즈,KOSDAQ,Korea
121890,에스디시스템,KOSDAQ,Korea
122310,제노레이,KOSDAQ,Korea
122350,삼기,KOSDAQ,Korea
122450,KX,KOSDAQ,Korea
122640,예스티,KOSDAQ,Korea
122690,서진오토모티브,KOSDAQ,Korea
122830,원포유,KONEX,Korea
122870,와이지엔터테인먼트,KOSDAQ,Korea
122900,아이마켓코리아,KOSPI,Korea
122990,와이솔,KOSDAQ,Korea
123010,아이윈플러스,KOSDAQ,Korea
123040,엠에스오토텍,KOSDAQ,Korea
123330,제닉,KOSDAQ,Korea
123410,코리아에프티,KOSDAQ,Korea
123420,위메이드플레이,KOSDAQ,Korea
123570,이엠넷,KOSDAQ,Korea
123690,한국화장품,KOSPI,Korea
123700,SJM,KOSPI,Korea
123750,알톤,KOSDAQ,Korea
123840,뉴온,KOSDAQ,Korea
123860,아나패스,KOSDAQ,Korea
123890,한국자산신탁,KOSPI,Korea
124500,아이티센,KOSDAQ,Korea
124560,태웅로직스,KOSDAQ,Korea
125210,아모그린텍,KOSDAQ,Korea
126340,비나텍,KOSDAQ,Korea
126560,현대퓨처넷,KOSPI,Korea
126600,BGF에코머티리얼즈,KOSDAQ,Korea
126640,화신정공,KOSDAQ,Korea
126700,하이비젼시스템,KOSDAQ,Korea
126720,수산인더스트리,KOSPI,Korea
126730,코칩,KOSDAQ,Korea
126880,제이엔케이글로벌,KOSDAQ,Korea
127120,디엔에이링크,KOSDAQ,Korea
127710,아시아경제,KOSDAQ,Korea
127980,화인써키트,KOSDAQ,Korea
128540,에코캡,KOSDAQ,Korea
128660,피제이메탈,KOSDAQ,Korea
128820,대성산업,KOSPI,Korea
128940,한미약품,KOSPI,Korea
129260,인터지스,KOSPI,Korea
129890,앱코,KOSDAQ,Korea
129920,대성하이텍,KOSDAQ,Korea
130500,GH신소재,KOSDAQ,Korea
130580,나이스디앤비,KOSDAQ,Korea
130660,한전산업,KOSPI,Korea
130740,티피씨글로벌,KOSDAQ,Korea
131030,옵투스제약,KOSDAQ,Korea
131090,시큐브,KOSDAQ,Korea
131100,티엔엔터테인먼트,KOSDAQ,Korea
131180,딜리,KOSDAQ,Korea
131220,대한과학,KOSDAQ,Korea
131290,티에스이,KOSDAQ,Korea
131370,알서포트,KOSDAQ,Korea
131400,이브이첨단소재,KOSDAQ,Korea
131760,파인텍,KOSDAQ,Korea
131970,두산테스나,KOSDAQ,Korea
133750,메가엠디,KOSDAQ,Korea
133820,화인베스틸,KOSPI,Korea
134060,이퓨쳐,KOSDAQ,Korea
134380,미원화학,KOSPI,Korea
134580,탑코미디어,KOSDAQ,Korea
134790,시디즈,KOSPI,Korea
136410,아셈스,KOSDAQ,Korea
136480,하림,KOSDAQ,Korea
136490,선진,KOSPI,Korea
136510,스마트솔루션즈,KOSDAQ,Korea
136540,윈스,KOSDAQ,Korea
136660,큐엠씨,KONEX,Korea
137080,나래나노텍,KOSDAQ,Korea
137310,에스디바이오센서,KOSPI,Korea
137400,피엔티,KOSDAQ,Korea
137940,넥스트아이,KOSDAQ,Korea
137950,제이씨케미칼,KOSDAQ,Korea
138040,메리츠금융지주,KOSPI,Korea
138070,신진에스엠,KOSDAQ,Korea
138080,오이솔루션,KOSDAQ,Korea
138360,협진,KOSDAQ,Korea
138490,코오롱ENP,KOSPI,Korea
138580,비즈니스온,KOSDAQ,Korea
138610,나이벡,KOSDAQ,Korea
138930,BNK금융지주,KOSPI,Korea
139050,BF랩스,KOSDAQ,Korea
139130,DGB금융지주,KOSPI,Korea
139480,이마트,KOSPI,Korea
139670,키네마스터,KOSDAQ,Korea
139990,아주스틸,KOSPI,Korea
140070,서플러스글로벌,KOSDAQ,Korea
140410,메지온,KOSDAQ,Korea
140430,카티스,KOSDAQ,Korea
140520,대창스틸,KOSDAQ,Korea
140610,엔솔바이오사이언스,KONEX,Korea
140660,위월드,KONEX,Korea
140670,알에스오토메이션,KOSDAQ,Korea
140860,파크시스템스,KOSDAQ,Korea
140910,에이리츠,KOSPI,Korea
141000,비아트론,KOSDAQ,Korea
141080,리가켐바이오,KOSDAQ,Korea
142210,유니트론텍,KOSDAQ,Korea
142280,녹십자엠에스,KOSDAQ,Korea
142760,모아라이프플러스,KOSDAQ,Korea
143160,아이디스,KOSDAQ,Korea
143210,핸즈코퍼레이션,KOSPI,Korea
143240,사람인,KOSDAQ,Korea
143540,영우디에스피,KOSDAQ,Korea
144510,지씨셀,KOSDAQ,Korea
144960,뉴파워프라즈마,KOSDAQ,Korea
145020,휴젤,KOSDAQ,Korea
145170,노브랜드,KOSDAQ,Korea
145210,다이나믹디자인,KOSPI,Korea
145270,케이탑리츠,KOSPI,Korea
145720,덴티움,KOSPI,Korea
145990,삼양사,KOSPI,Korea
146060,율촌,KOSDAQ,Korea
146320,비씨엔씨,KOSDAQ,Korea
147760,피엠티,KOSDAQ,Korea
147830,제룡산업,KOSDAQ,Korea
148140,비디아이,KOSDAQ,Korea
148150,세경하이테크,KOSDAQ,Korea
148250,알엔투테크놀로지,KOSDAQ,Korea
148780,비큐AI,KOSDAQ,Korea
148930,에이치와이티씨,KOSDAQ,Korea
149010,아이케이세미콘,KONEX,Korea
149300,아퓨어스,KONEX,Korea
149950,아바텍,KOSDAQ,Korea
149980,하이로닉,KOSDAQ,Korea
150840,인트로메딕,KOSDAQ,Korea
150900,파수,KOSDAQ,Korea
151860,KG에코솔루션,KOSDAQ,Korea
151910,퓨처코어,KOSDAQ,Korea
152550,한국ANKOR유전,KOSPI,Korea
153460,네이블,KOSDAQ,Korea
153490,우리이앤엘,KOSDAQ,Korea
153710,옵티팜,KOSDAQ,Korea
154030,아시아종묘,KOSDAQ,Korea
154040,다산솔루에타,KOSDAQ,Korea
155650,와이엠씨,KOSDAQ,Korea
155660,DSR,KOSPI,Korea
156100,엘앤케이바이오,KOSDAQ,Korea
158430,아톤,KOSDAQ,Korea
159010,아스플로,KOSDAQ,Korea
159580,제로투세븐,KOSDAQ,Korea
159910,스킨앤스킨,KOSDAQ,Korea
160550,NEW,KOSDAQ,Korea
160600,이큐셀,KOSDAQ,Korea
160980,싸이맥스,KOSDAQ,Korea
161000,애경케미칼,KOSPI,Korea
161390,한국타이어앤테크놀로지,KOSPI,Korea
161570,THE MIDONG,KOSDAQ,Korea
161580,필옵틱스,KOSDAQ,Korea
161890,한국콜마,KOSPI,Korea
162120,루켄테크놀러지스,KONEX,Korea
162300,신스틸,KOSDAQ,Korea
163430,디피코,KONEX,Korea
163560,동일고무벨트,KOSPI,Korea
163730,핑거,KOSDAQ,Korea
164060,이루다,KOSDAQ,Korea
166090,하나머티리얼즈,KOSDAQ,Korea
166480,코아스템켐온,KOSDAQ,Korea
168330,내츄럴엔도텍,KOSDAQ,Korea
168360,펨트론,KOSDAQ,Korea
168490,한국패러랠,KOSPI,Korea
169330,엠브레인,KOSDAQ,Korea
169670,코스텍시스템,KONEX,Korea
170030,현대공업,KOSDAQ,Korea
170790,파이오링크,KOSDAQ,Korea
170900,동아에스티,KOSPI,Korea
170920,엘티씨,KOSDAQ,Korea
171010,램테크놀러지,KOSDAQ,Korea
171090,선익시스템,KOSDAQ,Korea
171120,라이온켐텍,KOSDAQ,Korea
172670,에이엘티,KOSDAQ,Korea
173130,오파스넷,KOSDAQ,Korea
173940,에프엔씨엔터,KOSDAQ,Korea
174880,장원테크,KOSDAQ,Korea
174900,앱클론,KOSDAQ,Korea
175140,휴먼테크놀로지,KOSDAQ,Korea
175250,아이큐어,KOSDAQ,Korea
175330,JB금융지주,KOSPI,Korea
176590,코나솔,KONEX,Korea
176750,듀켐바이오,KONEX,Korea
177350,베셀,KOSDAQ,Korea
177830,파버나인,KOSDAQ,Korea
178320,서진시스템,KOSDAQ,Korea
178600,대동고려삼,KONEX,Korea
178780,일월지엠엘,KOSDAQ,Korea
178920,PI첨단소재,KOSPI,Korea
179290,엠아이텍,KOSDAQ,Korea
179530,애드바이오텍,KOSDAQ,Korea
179720,머니무브,KONEX,Korea
179900,유티아이,KOSDAQ,Korea
180060,탑선,KONEX,Korea
180400,DXVX,KOSDAQ,Korea
180640,한진칼,KOSPI,Korea
181340,이즈미디어,KOSDAQ,Korea
181710,NHN,KOSPI,Korea
182360,큐브엔터,KOSDAQ,Korea
182400,엔케이맥스,KOSDAQ,Korea
183190,아세아시멘트,KOSPI,Korea
183300,코미코,KOSDAQ,Korea
183490,엔지켐생명과학,KOSDAQ,Korea
184230,SGA솔루션즈,KOSDAQ,Korea
185190,수프로,KONEX,Korea
185490,아이진,KOSDAQ,Korea
185750,종근당,KOSPI,Korea
186230,그린플러스,KOSDAQ,Korea
187220,디티앤씨,KOSDAQ,Korea
187270,신화콘텍,KOSDAQ,Korea
187420,제노포커스,KOSDAQ,Korea
187660,에이디엠코리아,KOSDAQ,Korea
187790,나노,KOSDAQ,Korea
187870,디바이스이엔지,KOSDAQ,Korea
188260,세니젠,KOSDAQ,Korea
189300,인텔리안테크,KOSDAQ,Korea
189330,씨이랩,KOSDAQ,Korea
189350,코셋,KONEX,Korea
189690,포시에스,KOSDAQ,Korea
189860,서전기전,KOSDAQ,Korea
189980,흥국에프엔비,KOSDAQ,Korea
190510,나무가,KOSDAQ,Korea
190650,코리아에셋투자증권,KOSDAQ,Korea
191410,육일씨엔에쓰,KOSDAQ,Korea
191420,테고사이언스,KOSDAQ,Korea
191600,블루탑,KONEX,Korea
192080,더블유게임즈,KOSPI,Korea
192250,케이사인,KOSDAQ,Korea
192390,윈하이텍,KOSDAQ,Korea
192400,쿠쿠홀딩스,KOSPI,Korea
192410,휴림네트웍스,KOSDAQ,Korea
192440,슈피겐코리아,KOSDAQ,Korea
192650,드림텍,KOSPI,Korea
192820,코스맥스,KOSPI,Korea
193250,링크드,KOSDAQ,Korea
194370,제이에스코퍼레이션,KOSPI,Korea
194480,데브시스터즈,KOSDAQ,Korea
194700,노바렉스,KOSDAQ,Korea
195500,마니커에프앤지,KOSDAQ,Korea
195870,해성디에스,KOSPI,Korea
195940,HK이노엔,KOSDAQ,Korea
195990,에이비프로바이오,KOSDAQ,Korea
196170,알테오젠,KOSDAQ,Korea
196300,애니젠,KOSDAQ,Korea
196450,코아시아씨엠,KOSDAQ,Korea
196490,디에이테크놀로지,KOSDAQ,Korea
196700,웹스,KOSDAQ,Korea
197140,디지캡,KOSDAQ,Korea
198080,엔피디,KOSDAQ,Korea
198440,고려시멘트,KOSDAQ,Korea
198940,한주라이트메탈,KOSDAQ,Korea
199150,데이터스트림즈,KONEX,Korea
199290,바이오프로테크,KONEX,Korea
199430,케이엔알시스템,KOSDAQ,Korea
199550,레이저옵텍,KOSDAQ,Korea
199730,바이오인프라,KOSDAQ,Korea
199800,툴젠,KOSDAQ,Korea
199820,제일일렉트릭,KOSDAQ,Korea
200130,콜마비앤에이치,KOSDAQ,Korea
200230,텔콘RF제약,KOSDAQ,Korea
200350,래몽래인,KOSDAQ,Korea
200470,에이팩트,KOSDAQ,Korea
200580,메디쎄이,KONEX,Korea
200670,휴메딕스,KOSDAQ,Korea
200710,에이디테크놀로지,KOSDAQ,Korea
200780,비씨월드제약,KOSDAQ,Korea
200880,서연이화,KOSPI,Korea
201490,미투온,KOSDAQ,Korea
202960,판도라티비,KONEX,Korea
203400,에이비온,KOSDAQ,Korea
203450,유니온커뮤니티,KOSDAQ,Korea
203650,드림시큐리티,KOSDAQ,Korea
203690,스피어파워,KOSDAQ,Korea
204020,그리티,KOSDAQ,Korea
204210,스타리츠,KOSPI,Korea
204270,제이앤티씨,KOSDAQ,Korea
204320,HL만도,KOSPI,Korea
204610,티쓰리엔터테인먼트,KOSDAQ,Korea
204620,글로벌텍스프리,KOSDAQ,Korea
204630,스튜디오산타클로스,KOSDAQ,Korea
204840,지엘팜텍,KOSDAQ,Korea
205100,엑셈,KOSDAQ,Korea
205470,휴마시스,KOSDAQ,Korea
205500,액션스퀘어,KOSDAQ,Korea
206400,베노티앤알,KOSDAQ,Korea
206560,덱스터,KOSDAQ,Korea
206640,바디텍메드,KOSDAQ,Korea
206650,유바이오로직스,KOSDAQ,Korea
206950,볼빅,KONEX,Korea
207490,에이펙스인텍,KONEX,Korea
207760,미스터블루,KOSDAQ,Korea
207940,삼성바이오로직스,KOSPI,Korea
208140,정다운,KOSDAQ,Korea
208340,파멥신,KOSDAQ,Korea
208350,지란지교시큐리티,KOSDAQ,Korea
208370,셀바스헬스케어,KOSDAQ,Korea
208640,썸에이지,KOSDAQ,Korea
208710,바이오로그디바이스,KOSDAQ,Korea
208850,이비테크,KONEX,Korea
208860,엔지스테크널러지,KOSDAQ,Korea
208890,미래엔에듀파트너,KONEX,Korea
210120,빅텐츠,KOSDAQ,Korea
210540,디와이파워,KOSPI,Korea
210980,SK디앤디,KOSPI,Korea
211050,인카금융서비스,KOSDAQ,Korea
211270,AP위성,KOSDAQ,Korea
212310,오건에코텍,KONEX,Korea
212560,네오오토,KOSDAQ,Korea
213420,덕산네오룩스,KOSDAQ,Korea
213500,한솔제지,KOSPI,Korea
214150,클래시스,KOSDAQ,Korea
214180,헥토이노베이션,KOSDAQ,Korea
214260,라파스,KOSDAQ,Korea
214270,FSN,KOSDAQ,Korea
214310,에스엘에너지,KOSDAQ,Korea
214320,이노션,KOSPI,Korea
214330,금호에이치티,KOSPI,Korea
214370,케어젠,KOSDAQ,Korea
214390,경보제약,KOSPI,Korea
214420,토니모리,KOSPI,Korea
214430,아이쓰리시스템,KOSDAQ,Korea
214450,파마리서치,KOSDAQ,Korea
214610,(주)미코바이오메드,KOSDAQ,Korea
214680,디알텍,KOSDAQ,Korea
214870,뉴지랩파마,KOSDAQ,Korea
215000,골프존,KOSDAQ,Korea
215090,휴센텍,KOSDAQ,Korea
215100,로보로보,KOSDAQ,Korea
215200,메가스터디교육,KOSDAQ,Korea
215360,우리산업,KOSDAQ,Korea
215380,우정바이오,KOSDAQ,Korea
215480,토박스코리아,KOSDAQ,Korea
215570,크로넥스,KONEX,Korea
215600,신라젠,KOSDAQ,Korea
215790,이노인스트루먼트,KOSDAQ,Korea
216050,인크로스,KOSDAQ,Korea
216080,제테마,KOSDAQ,Korea
216400,인바이츠바이오코아,KONEX,Korea
217190,제너셈,KOSDAQ,Korea
217270,넵튠,KOSDAQ,Korea
217320,썬테크,KONEX,Korea
217330,싸이토젠,KOSDAQ,Korea
217480,에스디생명공학,KOSDAQ,Korea
217500,러셀,KOSDAQ,Korea
217620,디딤이앤에프,KOSDAQ,Korea
217730,강스템바이오텍,KOSDAQ,Korea
217820,원익피앤이,KOSDAQ,Korea
217880,틸론,KONEX,Korea
217910,에스제이켐,KONEX,Korea
217950,파마리서치바이오,KONEX,Korea
218150,미래생명자원,KOSDAQ,Korea
218410,RFHIC,KOSDAQ,Korea
219130,타이거일렉,KOSDAQ,Korea
219420,링크제니시스,KOSDAQ,Korea
219550,디와이디,KOSDAQ,Korea
219750,지티지웰니스,KOSDAQ,Korea
220100,퓨쳐켐,KOSDAQ,Korea
220180,핸디소프트,KOSDAQ,Korea
220260,켐트로스,KOSDAQ,Korea
221800,유투바이오,KOSDAQ,Korea
221840,하이즈항공,KOSDAQ,Korea
221980,케이디켐,KOSDAQ,Korea
222040,코스맥스엔비티,KOSDAQ,Korea
222080,씨아이에스,KOSDAQ,Korea
222110,팬젠,KOSDAQ,Korea
222160,NPX,KOSDAQ,Korea
222420,쎄노텍,KOSDAQ,Korea
222670,플럼라인생명과학,KONEX,Korea
222800,심텍,KOSDAQ,Korea
222810,세토피아,KOSDAQ,Korea
222980,한국맥널티,KOSDAQ,Korea
223220,로지스몬,KONEX,Korea
223250,드림씨아이에스,KOSDAQ,Korea
223310,딥마인드,KOSDAQ,Korea
224060,더코디,KOSDAQ,Korea
224110,에이텍모빌리티,KOSDAQ,Korea
224760,엔에스컴퍼니,KONEX,Korea
224810,엄지하우스,KONEX,Korea
225190,LK삼양,KOSDAQ,Korea
225220,제놀루션,KOSDAQ,Korea
225430,케이엠제약,KOSDAQ,Korea
225530,보광산업,KOSDAQ,Korea
225570,넥슨게임즈,KOSDAQ,Korea
225590,패션플랫폼,KOSDAQ,Korea
226320,잇츠한불,KOSPI,Korea
226330,신테카바이오,KOSDAQ,Korea
226340,본느,KOSDAQ,Korea
226360,KH 건설,KOSDAQ,Korea
226400,오스테오닉,KOSDAQ,Korea
226440,한송네오텍,KOSDAQ,Korea
226950,올릭스,KOSDAQ,Korea
227100,퀀텀온,KOSDAQ,Korea
227420,도부마스크,KONEX,Korea
227610,아우딘퓨쳐스,KOSDAQ,Korea
227840,현대코퍼레이션홀딩스,KOSPI,Korea
227950,엔투텍,KOSDAQ,Korea
228340,동양파일,KOSDAQ,Korea
228670,레이,KOSDAQ,Korea
228760,지노믹트리,KOSDAQ,Korea
228850,레이언스,KOSDAQ,Korea
229000,젠큐릭스,KOSDAQ,Korea
229500,노브메타파마,KONEX,Korea
229640,LS에코에너지,KOSPI,Korea
230240,에치에프알,KOSDAQ,Korea
230360,에코마케팅,KOSDAQ,Korea
230980,비유테크놀러지,KOSDAQ,Korea
232140,와이씨,KOSDAQ,Korea
232530,이엠티,KONEX,Korea
232680,라온테크,KOSDAQ,Korea
232830,시큐센,KOSDAQ,Korea
233250,메디안디노스틱,KONEX,Korea
233990,질경이,KONEX,Korea
234070,에이원알폼,KONEX,Korea
234080,JW생명과학,KOSPI,Korea
234100,폴라리스세원,KOSDAQ,Korea
234300,에스트래픽,KOSDAQ,Korea
234340,헥토파이낸셜,KOSDAQ,Korea
234690,녹십자웰빙,KOSDAQ,Korea
234920,자이글,KOSDAQ,Korea
235980,메드팩토,KOSDAQ,Korea
236030,씨알푸드,KONEX,Korea
236200,슈프리마,KOSDAQ,Korea
236340,메디젠휴먼케어,KONEX,Korea
236810,엔비티,KOSDAQ,Korea
237690,에스티팜,KOSDAQ,Korea
237750,피앤씨테크,KOSDAQ,Korea
237820,플레이디,KOSDAQ,Korea
237880,클리오,KOSDAQ,Korea
238090,앤디포스,KOSDAQ,Korea
238120,얼라인드,KOSDAQ,Korea
238170,엔에스엠,KONEX,Korea
238200,비피도,KOSDAQ,Korea
238490,힘스,KOSDAQ,Korea
238500,로보쓰리에이아이,KONEX,Korea
239340,이스트에이드,KOSDAQ,Korea
239610,에이치엘사이언스,KOSDAQ,Korea
239890,피엔에이치테크,KOSDAQ,Korea
240600,유진테크놀로지,KOSDAQ,Korea
240810,원익IPS,KOSDAQ,Korea
241520,DSC인베스트먼트,KOSDAQ,Korea
241560,두산밥캣,KOSPI,Korea
241590,화승엔터프라이즈,KOSPI,Korea
241690,유니테크노,KOSDAQ,Korea
241710,코스메카코리아,KOSDAQ,Korea
241770,메카로,KOSDAQ,Korea
241790,티이엠씨씨엔에스,KOSDAQ,Korea
241820,피씨엘,KOSDAQ,Korea
241840,에이스토리,KOSDAQ,Korea
242040,나무기술,KOSDAQ,Korea
243070,휴온스,KOSDAQ,Korea
243840,신흥에스이씨,KOSDAQ,Korea
243870,굿센,KONEX,Korea
244460,올리패스,KOSDAQ,Korea
244880,나눔테크,KONEX,Korea
244920,에이플러스에셋,KOSPI,Korea
245450,씨앤에스링크,KONEX,Korea
245620,EDGC,KOSDAQ,Korea
246250,에스엘에스바이오,KOSDAQ,Korea
246690,TS인베스트먼트,KOSDAQ,Korea
246710,티앤알바이오팹,KOSDAQ,Korea
246720,아스타,KOSDAQ,Korea
246960,SCL사이언스,KOSDAQ,Korea
247540,에코프로비엠,KOSDAQ,Korea
247660,나노씨엠에스,KOSDAQ,Korea
248070,솔루엠,KOSPI,Korea
248170,샘표식품,KOSPI,Korea
249420,일동제약,KOSPI,Korea
250000,보라티알,KOSDAQ,Korea
250030,진코스텍,KONEX,Korea
250060,모비스,KOSDAQ,Korea
250930,예선테크,KOSDAQ,Korea
251120,바이오에프디엔씨,KOSDAQ,Korea
251270,넷마블,KOSPI,Korea
251280,안지오랩,KONEX,Korea
251370,와이엠티,KOSDAQ,Korea
251630,브이원텍,KOSDAQ,Korea
251970,펌텍코리아,KOSDAQ,Korea
252500,세화피앤씨,KOSDAQ,Korea
252990,샘씨엔에스,KOSDAQ,Korea
253450,스튜디오드래곤,KOSDAQ,Korea
253590,네오셈,KOSDAQ,Korea
253610,루트락,KONEX,Korea
253840,수젠텍,KOSDAQ,Korea
254120,자비스,KOSDAQ,Korea
254160,제이엠멀티,KONEX,Korea
254490,미래반도체,KOSDAQ,Korea
255220,SG,KOSDAQ,Korea
255440,야스,KOSDAQ,Korea
256150,한독크린텍,KOSDAQ,Korea
256630,포인트엔지니어링,KOSDAQ,Korea
256840,한국비엔씨,KOSDAQ,Korea
256940,케이피에스,KOSDAQ,Korea
257370,피엔티엠에스,KOSDAQ,Korea
257720,실리콘투,KOSDAQ,Korea
257990,나우코스,KONEX,Korea
258050,테크트랜스,KONEX,Korea
258250,셀젠텍,KONEX,Korea
258540,에스엘테라퓨틱스,KONEX,Korea
258610,케일럼,KOSDAQ,Korea
258790,소프트캠프,KOSDAQ,Korea
258830,세종메디칼,KOSDAQ,Korea
259630,엠플러스,KOSDAQ,Korea
259960,크래프톤,KOSPI,Korea
260660,알리코제약,KOSDAQ,Korea
260870,SK시그넷,KONEX,Korea
260930,씨티케이,KOSDAQ,Korea
260970,에스앤디,KOSDAQ,Korea
261200,덴티스,KOSDAQ,Korea
261780,차백신연구소,KOSDAQ,Korea
262260,에이프로,KOSDAQ,Korea
262840,아이퀘스트,KOSDAQ,Korea
263020,디케이앤디,KOSDAQ,Korea
263050,유틸렉스,KOSDAQ,Korea
263540,어스앤에어로스페이스,KOSDAQ,Korea
263600,덕우전자,KOSDAQ,Korea
263690,디알젬,KOSDAQ,Korea
263700,케어랩스,KOSDAQ,Korea
263720,디앤씨미디어,KOSDAQ,Korea
263750,펄어비스,KOSDAQ,Korea
263770,유에스티,KOSDAQ,Korea
263800,데이타솔루션,KOSDAQ,Korea
263810,상신전자,KOSDAQ,Korea
263860,지니언스,KOSDAQ,Korea
263920,휴엠앤씨,KOSDAQ,Korea
264450,유비쿼스,KOSDAQ,Korea
264660,씨앤지하이테크,KOSDAQ,Korea
264850,이랜시스,KOSDAQ,Korea
264900,크라운제과,KOSPI,Korea
265520,AP시스템,KOSDAQ,Korea
265560,영화테크,KOSDAQ,Korea
265740,엔에프씨,KOSDAQ,Korea
266170,뿌리깊은나무들,KONEX,Korea
266470,바이오인프라생명과학,KONEX,Korea
266870,파워풀엑스,KONEX,Korea
267080,세븐브로이맥주,KONEX,Korea
267250,HD현대,KOSPI,Korea
267260,HD현대일렉트릭,KOSPI,Korea
267270,HD현대건설기계,KOSPI,Korea
267290,경동도시가스,KOSPI,Korea
267320,나인테크,KOSDAQ,Korea
267790,배럴,KOSDAQ,Korea
267850,아시아나IDT,KOSPI,Korea
267980,매일유업,KOSDAQ,Korea
268280,미원에스씨,KOSPI,Korea
268600,셀리버리,KOSDAQ,Korea
269620,시스웍,KOSDAQ,Korea
270210,에스알바이오텍,KONEX,Korea
270520,지오릿에너지,KOSDAQ,Korea
270660,에브리봇,KOSDAQ,Korea
270870,뉴트리,KOSDAQ,Korea
271560,오리온,KOSPI,Korea
271830,팸텍,KOSDAQ,Korea
271940,일진하이솔루스,KOSPI,Korea
271980,제일약품,KOSPI,Korea
272110,케이엔제이,KOSDAQ,Korea
272210,한화시스템,KOSPI,Korea
272290,이녹스첨단소재,KOSDAQ,Korea
272450,진에어,KOSPI,Korea
272550,삼양패키징,KOSPI,Korea
273060,와이즈버즈,KOSDAQ,Korea
273640,와이엠텍,KOSDAQ,Korea
274090,켄코아에어로스페이스,KOSDAQ,Korea
274400,이노시뮬레이션,KOSDAQ,Korea
275630,에스에스알,KOSDAQ,Korea
276040,스코넥,KOSDAQ,Korea
276240,엘리비젼,KONEX,Korea
276730,제주맥주,KOSDAQ,Korea
277070,린드먼아시아,KOSDAQ,Korea
277410,인산가,KOSDAQ,Korea
277810,레인보우로보틱스,KOSDAQ,Korea
277880,티에스아이,KOSDAQ,Korea
278280,천보,KOSDAQ,Korea
278470,에이피알,KOSPI,Korea
278650,HLB바이오스텝,KOSDAQ,Korea
278990,EMB,KONEX,Korea
279060,이노벡스,KONEX,Korea
279600,미디어젠,KOSDAQ,Korea
280360,롯데웰푸드,KOSPI,Korea
281740,레이크머티리얼즈,KOSDAQ,Korea
281820,케이씨텍,KOSPI,Korea
282330,BGF리테일,KOSPI,Korea
282690,동아타이어,KOSPI,Korea
282720,금양그린파워,KOSDAQ,Korea
282880,코윈테크,KOSDAQ,Korea
283100,노보믹스,KONEX,Korea
284620,카이노스메드,KOSDAQ,Korea
284740,쿠쿠홈시스,KOSPI,Korea
285130,SK케미칼,KOSPI,Korea
285490,노바텍,KOSDAQ,Korea
285800,진영,KOSDAQ,Korea
286000,씨엔티드림,KONEX,Korea
286750,나노브릭,KOSDAQ,Korea
286940,롯데이노베이트,KOSPI,Korea
287410,제이시스메디칼,KOSDAQ,Korea
288330,브릿지바이오,KOSDAQ,Korea
288490,나라소프트,KONEX,Korea
288620,에스퓨얼셀,KOSDAQ,Korea
288980,모아데이타,KOSDAQ,Korea
289010,아이스크림에듀,KOSDAQ,Korea
289080,SV인베스트먼트,KOSDAQ,Korea
289170,바이오텐,KONEX,Korea
289220,자이언트스텝,KOSDAQ,Korea
289860,지슨,KONEX,Korea
290090,트윔,KOSDAQ,Korea
290120,DH오토리드,KOSDAQ,Korea
290270,휴네시온,KOSDAQ,Korea
290380,대유,KOSDAQ,Korea
290520,신도기연,KOSDAQ,Korea
290550,디케이티,KOSDAQ,Korea
290560,신시웨이,KOSDAQ,Korea
290650,엘앤씨바이오,KOSDAQ,Korea
290660,네오펙트,KOSDAQ,Korea
290670,대보마그네틱,KOSDAQ,Korea
290690,소룩스,KOSDAQ,Korea
290720,푸드나무,KOSDAQ,Korea
290740,액트로,KOSDAQ,Korea
291230,엔피,KOSDAQ,Korea
291650,압타머사이언스,KOSDAQ,Korea
291810,핀텔,KOSDAQ,Korea
293480,하나제약,KOSPI,Korea
293490,카카오게임즈,KOSDAQ,Korea
293580,나우IB,KOSDAQ,Korea
293780,압타바이오,KOSDAQ,Korea
293940,신한알파리츠,KOSPI,Korea
294090,이오플로우,KOSDAQ,Korea
294140,레몬,KOSDAQ,Korea
294570,쿠콘,KOSDAQ,Korea
294630,서남,KOSDAQ,Korea
294870,HDC현대산업개발,KOSPI,Korea
296160,프로젠,KONEX,Korea
296520,가이아코퍼레이션,KONEX,Korea
296640,이노룰스,KOSDAQ,Korea
297090,씨에스베어링,KOSDAQ,Korea
297570,알로이스,KOSDAQ,Korea
297890,HB솔루션,KOSDAQ,Korea
298000,효성화학,KOSPI,Korea
298020,효성티앤씨,KOSPI,Korea
298040,효성중공업,KOSPI,Korea
298050,효성첨단소재,KOSPI,Korea
298060,에스씨엠생명과학,KOSDAQ,Korea
298380,에이비엘바이오,KOSDAQ,Korea
298540,더네이쳐홀딩스,KOSDAQ,Korea
298690,에어부산,KOSPI,Korea
298830,슈어소프트테크,KOSDAQ,Korea
299030,하나기술,KOSDAQ,Korea
299170,더블유에스아이,KOSDAQ,Korea
299480,지앤이헬스케어,KONEX,Korea
299660,셀리드,KOSDAQ,Korea
299670,에스엠비나,KONEX,Korea
299900,위지윅스튜디오,KOSDAQ,Korea
299910,애닉,KOSDAQ,Korea
300080,플리토,KOSDAQ,Korea
300120,라온피플,KOSDAQ,Korea
300720,한일시멘트,KOSPI,Korea
301300,바이브컴퍼니,KOSDAQ,Korea
302430,이노메트리,KOSDAQ,Korea
302440,SK바이오사이언스,KOSPI,Korea
302550,리메드,KOSDAQ,Korea
302920,더콘텐츠온,KONEX,Korea
303030,지니틱스,KOSDAQ,Korea
303360,프로티아,KOSDAQ,Korea
303530,이노뎁,KOSDAQ,Korea
304100,솔트룩스,KOSDAQ,Korea
304360,에스바이오메딕스,KOSDAQ,Korea
304840,피플바이오,KOSDAQ,Korea
305090,마이크로디지탈,KOSDAQ,Korea
306040,에스제이그룹,KOSDAQ,Korea
306200,세아제강,KOSPI,Korea
306620,네온테크,KOSDAQ,Korea
307180,아이엘사이언스,KOSDAQ,Korea
307280,원바이오젠,KOSDAQ,Korea
307750,국전약품,KOSDAQ,Korea
307870,비투엔,KOSDAQ,Korea
307930,컴퍼니케이,KOSDAQ,Korea
307950,현대오토에버,KOSPI,Korea
308080,바이젠셀,KOSDAQ,Korea
308100,까스텔바작,KOSDAQ,Korea
308170,씨티알모빌리티,KOSPI,Korea
308700,테크엔,KONEX,Korea
309930,오하임앤컴퍼니,KOSDAQ,Korea
309960,엘비인베스트먼트,KOSDAQ,Korea
310200,애니플러스,KOSDAQ,Korea
310210,보로노이,KOSDAQ,Korea
310870,디와이씨,KOSDAQ,Korea
311060,엘에이티,KONEX,Korea
311320,지오엘리먼트,KOSDAQ,Korea
311390,네오크레마,KOSDAQ,Korea
311690,CJ 바이오사이언스,KOSDAQ,Korea
311960,에이아이더뉴트리진,KONEX,Korea
312610,에이에프더블류,KOSDAQ,Korea
313760,캐리,KOSDAQ,Korea
314130,지놈앤컴퍼니,KOSDAQ,Korea
314140,알피바이오,KOSDAQ,Korea
314930,바이오다인,KOSDAQ,Korea
315640,딥노이드,KOSDAQ,Korea
316140,우리금융지주,KOSPI,Korea
317120,라닉스,KOSDAQ,Korea
317240,TS트릴리온,KOSDAQ,Korea
317330,덕산테코피아,KOSDAQ,Korea
317400,자이에스앤디,KOSPI,Korea
317530,캐리소프트,KOSDAQ,Korea
317690,퀀타매트릭스,KOSDAQ,Korea
317770,엑스페릭스,KOSDAQ,Korea
317830,에스피시스템스,KOSDAQ,Korea
317850,대모,KOSDAQ,Korea
317860,노드메이슨,KONEX,Korea
317870,엔바이오니아,KOSDAQ,Korea
318000,KBG,KOSDAQ,Korea
318010,팜스빌,KOSDAQ,Korea
318020,포인트모바일,KOSDAQ,Korea
318160,셀바이오휴먼텍,KOSDAQ,Korea
318410,비비씨,KOSDAQ,Korea
318660,타임기술,KONEX,Korea
319400,현대무벡스,KOSDAQ,Korea
319660,피에스케이,KOSDAQ,Korea
320000,윈텍,KOSDAQ,Korea
321260,프로이천,KOSDAQ,Korea
321370,센서뷰,KOSDAQ,Korea
321550,티움바이오,KOSDAQ,Korea
321820,아티스트유나이티드,KOSDAQ,Korea
322000,HD현대에너지솔루션,KOSPI,Korea
322180,티라유텍,KOSDAQ,Korea
322310,오로스테크놀로지,KOSDAQ,Korea
322510,제이엘케이,KOSDAQ,Korea
322780,코퍼스코리아,KOSDAQ,Korea
322970,무진메디,KONEX,Korea
323230,엠에프엠코리아,KOSDAQ,Korea
323280,태성,KOSDAQ,Korea
323350,다원넥스뷰,KONEX,Korea
323410,카카오뱅크,KOSPI,Korea
323990,박셀바이오,KOSDAQ,Korea
326030,에스케이바이오팜,KOSPI,Korea
327260,RF머트리얼즈,KOSDAQ,Korea
327610,펨토바이오메드,KONEX,Korea
328130,루닛,KOSDAQ,Korea
328380,솔트웨어,KOSDAQ,Korea
329180,HD현대중공업,KOSPI,Korea
330350,위더스제약,KOSDAQ,Korea
330590,롯데리츠,KOSPI,Korea
330730,스톤브릿지벤처스,KOSDAQ,Korea
330860,네패스아크,KOSDAQ,Korea
331380,포커스에이치엔에스,KOSDAQ,Korea
331520,밸로프,KOSDAQ,Korea
331660,한국미라클피플사,KONEX,Korea
331920,셀레믹스,KOSDAQ,Korea
332290,누보,KOSDAQ,Korea
332370,아이디피,KOSDAQ,Korea
332570,와이팜,KOSDAQ,Korea
333050,모코엠시스,KOSDAQ,Korea
333430,일승,KOSDAQ,Korea
333620,엔시스,KOSDAQ,Korea
334890,이지스밸류플러스리츠,KOSPI,Korea
334970,프레스티지바이오로직,KOSDAQ,Korea
335810,프리시젼바이오,KOSDAQ,Korea
335870,윙스풋,KOSDAQ,Korea
335890,비올,KOSDAQ,Korea
336040,타스컴,KONEX,Korea
336060,웨이버스,KOSDAQ,Korea
336260,두산퓨얼셀,KOSPI,Korea
336370,솔루스첨단소재,KOSPI,Korea
336570,원텍,KOSDAQ,Korea
337840,유엑스엔,KONEX,Korea
337930,브랜드엑스코퍼레이션,KOSDAQ,Korea
338100,NH프라임리츠,KOSPI,Korea
338220,뷰노,KOSDAQ,Korea
338840,와이바이오로직스,KOSDAQ,Korea
339770,교촌에프앤비,KOSPI,Korea
339950,아이비김영,KOSDAQ,Korea
340360,다보링크,KOSDAQ,Korea
340440,세림B&G,KOSDAQ,Korea
340570,티앤엘,KOSDAQ,Korea
340810,씨유박스,KOSDAQ,Korea
340930,유일에너테크,KOSDAQ,Korea
341170,퓨쳐메디신,KONEX,Korea
341310,이앤에치,KONEX,Korea
343090,HLB사이언스,KONEX,Korea
344820,KCC글라스,KOSPI,Korea
344860,이노진,KOSDAQ,Korea
346010,타이드,KONEX,Korea
347000,센코,KOSDAQ,Korea
347700,라이프시맨틱스,KOSDAQ,Korea
347740,피엔케이피부임상연구센타,KOSDAQ,Korea
347770,핌스,KOSDAQ,Korea
347850,디앤디파마텍,KOSDAQ,Korea
347860,알체라,KOSDAQ,Korea
347890,엠투아이,KOSDAQ,Korea
348030,모비릭스,KOSDAQ,Korea
348080,큐라티스,KOSDAQ,Korea
348150,고바이오랩,KOSDAQ,Korea
348210,넥스틴,KOSDAQ,Korea
348340,뉴로메카,KOSDAQ,Korea
348350,위드텍,KOSDAQ,Korea
348370,엔켐,KOSDAQ,Korea
348950,제이알글로벌리츠,KOSPI,Korea
350520,이지스레지던스리츠,KOSPI,Korea
351020,미쥬,KONEX,Korea
351320,에스에이티이엔지,KOSDAQ,Korea
351330,이삭엔지니어링,KOSDAQ,Korea
352090,스톰테크,KOSDAQ,Korea
352480,씨앤씨인터내셔널,KOSDAQ,Korea
352700,씨앤투스,KOSDAQ,Korea
352770,클리노믹스,KOSDAQ,Korea
352820,하이브,KOSPI,Korea
352910,오비고,KOSDAQ,Korea
352940,인바이오,KOSDAQ,Korea
353190,휴럼,KOSDAQ,Korea
353200,대덕전자,KOSPI,Korea
353590,오토앤,KOSDAQ,Korea
353810,이지바이오,KOSDAQ,Korea
354200,엔젠바이오,KOSDAQ,Korea
354320,알멕,KOSDAQ,Korea
354390,바스칸바이오제약,KONEX,Korea
355150,코스텍시스,KOSDAQ,Korea
355390,크라우드웍스,KOSDAQ,Korea
355690,에이텀,KOSDAQ,Korea
356680,엑스게이트,KOSDAQ,Korea
356860,티엘비,KOSDAQ,Korea
356890,싸이버원,KOSDAQ,Korea
357120,코람코라이프인프라리츠,KOSPI,Korea
357230,에이치피오,KOSDAQ,Korea
357250,미래에셋맵스리츠,KOSPI,Korea
357430,마스턴프리미어리츠,KOSPI,Korea
357550,석경에이티,KOSDAQ,Korea
357580,아모센스,KOSDAQ,Korea
357780,솔브레인,KOSDAQ,Korea
357880,비트나인,KOSDAQ,Korea
358570,지아이이노베이션,KOSDAQ,Korea
359090,씨엔알리서치,KOSDAQ,Korea
360070,탑머티리얼,KOSDAQ,Korea
360350,코셈,KOSDAQ,Korea
361390,제노코,KOSDAQ,Korea
361570,알비더블유,KOSDAQ,Korea
361610,SK아이이테크놀로지,KOSPI,Korea
361670,삼영에스앤씨,KOSDAQ,Korea
362320,청담글로벌,KOSDAQ,Korea
362990,드림인사이트,KOSDAQ,Korea
363250,진시스템,KOSDAQ,Korea
363260,모비데이즈,KOSDAQ,Korea
363280,티와이홀딩스,KOSPI,Korea
365270,큐라클,KOSDAQ,Korea
365330,에스와이스틸텍,KOSDAQ,Korea
365340,성일하이텍,KOSDAQ,Korea
365550,ESR켄달스퀘어리츠,KOSPI,Korea
365590,하이딥,KOSDAQ,Korea
365900,브이씨,KOSDAQ,Korea
366030,공구우먼,KOSDAQ,Korea
367000,플래티어,KOSDAQ,Korea
368600,아이씨에이치,KOSDAQ,Korea
368770,파이버프로,KOSDAQ,Korea
368970,오에스피,KOSDAQ,Korea
369370,블리츠웨이스튜디오,KOSDAQ,Korea
370090,퓨런티어,KOSDAQ,Korea
371950,풍원정밀,KOSDAQ,Korea
372170,윤성에프앤씨,KOSDAQ,Korea
372320,큐로셀,KOSDAQ,Korea
372800,아이티아이즈,KOSDAQ,Korea
372910,한컴라이프케어,KOSPI,Korea
373170,엠아이큐브솔루션,KOSDAQ,Korea
373200,엑스플러스,KOSDAQ,Korea
373220,LG에너지솔루션,KOSPI,Korea
375500,DL이앤씨,KOSPI,Korea
376180,피코그램,KOSDAQ,Korea
376190,LB루셈,KOSDAQ,Korea
376290,씨유테크,KOSDAQ,Korea
376300,디어유,KOSDAQ,Korea
376930,노을,KOSDAQ,Korea
376980,원티드랩,KOSDAQ,Korea
377030,맥스트,KOSDAQ,Korea
377190,디앤디플랫폼리츠,KOSPI,Korea
377220,프롬바이오,KOSDAQ,Korea
377300,카카오페이,KOSPI,Korea
377330,이지트로닉스,KOSDAQ,Korea
377450,리파인,KOSDAQ,Korea
377460,위니아에이드,KOSDAQ,Korea
377480,마음AI,KOSDAQ,Korea
377740,바이오노트,KOSPI,Korea
378340,필에너지,KOSDAQ,Korea
378800,샤페론,KOSDAQ,Korea
378850,화승알앤에이,KOSPI,Korea
379390,이성씨엔아이,KONEX,Korea
380540,옵티코어,KOSDAQ,Korea
381970,케이카,KOSPI,Korea
382480,지아이텍,KOSDAQ,Korea
382800,지앤비에스 에코,KOSDAQ,Korea
382840,원준,KOSDAQ,Korea
382900,범한퓨얼셀,KOSDAQ,Korea
383220,에프앤에프,KOSPI,Korea
383310,에코프로에이치엔,KOSDAQ,Korea
383800,LX홀딩스,KOSPI,Korea
383930,디티앤씨알오,KOSDAQ,Korea
384470,코어라인소프트,KOSDAQ,Korea
386580,한화플러스제2호스팩,KOSDAQ,Korea
388050,지투파워,KOSDAQ,Korea
388610,지에프씨생명과학,KONEX,Korea
388720,유일로보틱스,KOSDAQ,Korea
388790,라이콤,KOSDAQ,Korea
388800,유진스팩7호,KOSDAQ,Korea
388870,파로스아이바이오,KOSDAQ,Korea
389020,자람테크놀로지,KOSDAQ,Korea
389030,지니너스,KOSDAQ,Korea
389140,포바이포,KOSDAQ,Korea
389260,대명에너지,KOSDAQ,Korea
389470,인벤티지랩,KOSDAQ,Korea
389500,에스비비테크,KOSDAQ,Korea
390110,애니메디솔루션,KONEX,Korea
391710,코닉오토메이션,KOSDAQ,Korea
393210,토마토시스템,KOSDAQ,Korea
393890,더블유씨피,KOSDAQ,Korea
394280,오픈엣지테크놀로지,KOSDAQ,Korea
395400,SK리츠,KOSPI,Korea
396270,넥스트칩,KOSDAQ,Korea
396300,세아메카닉스,KOSDAQ,Korea
396470,워트,KOSDAQ,Korea
396690,미래에셋글로벌리츠,KOSPI,Korea
397030,에이프릴바이오,KOSDAQ,Korea
399720,가온칩스,KOSDAQ,Korea
400760,NH올원리츠,KOSPI,Korea
400840,하이제7호스팩,KOSDAQ,Korea
402030,코난테크놀로지,KOSDAQ,Korea
402340,SK스퀘어,KOSPI,Korea
402420,켈스,KONEX,Korea
402490,그린리소스,KOSDAQ,Korea
403360,라피치,KONEX,Korea
403490,우듬지팜,KOSDAQ,Korea
403550,쏘카,KOSPI,Korea
403870,HPSP,KOSDAQ,Korea
404990,신한서부티엔디리츠,KOSPI,Korea
405000,플라즈맵,KOSDAQ,Korea
405100,큐알티,KOSDAQ,Korea
405640,신한제9호스팩,KOSDAQ,Korea
405920,나라셀라,KOSDAQ,Korea
406760,하나금융21호스팩,KOSDAQ,Korea
406820,뷰티스킨,KOSDAQ,Korea
407400,꿈비,KOSDAQ,Korea
408900,스튜디오미르,KOSDAQ,Korea
408920,메쎄이상,KOSDAQ,Korea
411080,샌즈랩,KOSDAQ,Korea
412350,레이저쎌,KOSDAQ,Korea
412540,제일엠앤에스,KOSDAQ,Korea
412930,미래에셋비전스팩1호,KOSDAQ,Korea
413300,티엘엔지니어링,KONEX,Korea
413600,키움제6호스팩,KOSDAQ,Korea
413630,유진스팩8호,KOSDAQ,Korea
413640,비아이매트릭스,KOSDAQ,Korea
415380,스튜디오삼익,KOSDAQ,Korea
415580,상상인제3호스팩,KOSDAQ,Korea
416180,신성에스티,KOSDAQ,Korea
417010,나노팀,KOSDAQ,Korea
417180,핑거스토리,KOSDAQ,Korea
417200,LS머트리얼즈,KOSDAQ,Korea
417310,코람코더원리츠,KOSPI,Korea
417500,제이아이테크,KOSDAQ,Korea
417790,트루엔,KOSDAQ,Korea
417840,저스템,KOSDAQ,Korea
417860,오브젠,KOSDAQ,Korea
417970,모델솔루션,KOSDAQ,Korea
418170,하나금융22호스팩,KOSDAQ,Korea
418210,신한제10호스팩,KOSDAQ,Korea
418250,시큐레터,KOSDAQ,Korea
418420,라온텍,KOSDAQ,Korea
418470,밀리의서재,KOSDAQ,Korea
418550,제이오,KOSDAQ,Korea
418620,이에이트,KOSDAQ,Korea
419050,삼기이브이,KOSDAQ,Korea
419080,엔젯,KOSDAQ,Korea
419120,산돌,KOSDAQ,Korea
419530,SAMG엔터,KOSDAQ,Korea
419540,비스토스,KOSDAQ,Korea
419700,이브이파킹서비스,KONEX,Korea
420570,제이투케이바이오,KOSDAQ,Korea
420770,기가비스,KOSDAQ,Korea
421800,교보12호스팩,KOSDAQ,Korea
422040,엔에이치스팩23호,KOSDAQ,Korea
424140,케이비제21호스팩,KOSDAQ,Korea
424760,벨로크,KOSDAQ,Korea
424960,스마트레이더시스템,KOSDAQ,Korea
424980,마이크로투나노,KOSDAQ,Korea
425040,티이엠씨,KOSDAQ,Korea
425290,삼성스팩6호,KOSDAQ,Korea
425420,티에프이,KOSDAQ,Korea
429270,시지트로닉스,KOSDAQ,Korea
430220,신영스팩8호,KOSDAQ,Korea
430230,하나금융24호스팩,KOSDAQ,Korea
430460,한화플러스제3호스팩,KOSDAQ,Korea
430690,(주)한싹,KOSDAQ,Korea
430700,유안타제9호스팩,KOSDAQ,Korea
432320,KB스타리츠,KOSPI,Korea
432430,와이랩,KOSDAQ,Korea
432470,케이엔에스,KOSDAQ,Korea
432720,퀄리타스반도체,KOSDAQ,Korea
433530,키움제7호스팩,KOSDAQ,Korea
434190,탈로스,KONEX,Korea
434480,모니터랩,KOSDAQ,Korea
435380,유안타제10호스팩,KOSDAQ,Korea
435620,하나금융25호스팩,KOSDAQ,Korea
435870,SK증권제8호스팩,KOSDAQ,Korea
436610,한국제11호스팩,KOSDAQ,Korea
437730,삼현,KOSDAQ,Korea
437780,엔에이치스팩24호,KOSDAQ,Korea
438220,대신밸런스제13호스팩,KOSDAQ,Korea
438580,엔에이치스팩25호,KOSDAQ,Korea
438700,버넥트,KOSDAQ,Korea
439090,마녀공장,KOSDAQ,Korea
439250,삼성스팩7호,KOSDAQ,Korea
439410,엔에이치스팩26호,KOSDAQ,Korea
439580,블루엠텍,KOSDAQ,Korea
439730,IBKS제20호스팩,KOSDAQ,Korea
440110,파두,KOSDAQ,Korea
440290,에이치비인베스트먼트,KOSDAQ,Korea
440320,오픈놀,KOSDAQ,Korea
440790,교보13호스팩,KOSDAQ,Korea
440820,엔에이치스팩27호,KOSDAQ,Korea
441270,파인엠텍,KOSDAQ,Korea
442130,유진스팩9호,KOSDAQ,Korea
442310,대신밸런스제14호스팩,KOSDAQ,Korea
442770,IBKS제21호스팩,KOSDAQ,Korea
442900,미래에셋드림스팩1호,KOSDAQ,Korea
443060,HD현대마린솔루션,KOSPI,Korea
443250,레뷰코퍼레이션,KOSDAQ,Korea
443670,에스피소프트,KOSDAQ,Korea
444920,유안타제11호스팩,KOSDAQ,Korea
445090,에이직랜드,KOSDAQ,Korea
445180,퓨릿,KOSDAQ,Korea
445360,비엔케이제1호스팩,KOSDAQ,Korea
445680,큐리옥스바이오시스템즈,KOSDAQ,Korea
445970,신영스팩9호,KOSDAQ,Korea
446070,유니드비티플러스,KOSPI,Korea
446150,유안타제12호스팩,KOSDAQ,Korea
446190,미래에셋비전스팩2호,KOSDAQ,Korea
446440,에피바이오텍,KONEX,Korea
446540,메가터치,KOSDAQ,Korea
446600,카이바이오텍,KONEX,Korea
446750,하나26호스팩,KOSDAQ,Korea
446840,키움제8호스팩,KOSDAQ,Korea
447690,아이오바이오,KONEX,Korea
448280,에코아이,KOSDAQ,Korea
448370,하나27호스팩,KOSDAQ,Korea
448710,코츠테크놀로지,KOSDAQ,Korea
448730,삼성FN리츠,KOSPI,Korea
448740,삼성스팩8호,KOSDAQ,Korea
448760,IBKS제22호스팩,KOSDAQ,Korea
448780,마이크로엔엑스,KONEX,Korea
448830,미래에셋비전스팩3호,KOSDAQ,Korea
448900,한국피아이엠,KONEX,Korea
449020,유안타제13호스팩,KOSDAQ,Korea
450050,하이제8호스팩,KOSDAQ,Korea
450080,에코프로머티,KOSPI,Korea
450140,코오롱모빌리티그룹,KOSPI,Korea
450520,인스웨이브시스템즈,KOSDAQ,Korea
450940,유안타제14호스팩,KOSDAQ,Korea
451220,아이엠티,KOSDAQ,Korea
451250,삐아,KOSDAQ,Korea
451700,엔에이치스팩29호,KOSDAQ,Korea
451760,컨텍,KOSDAQ,Korea
451800,한화리츠,KOSPI,Korea
452160,제이엔비,KOSDAQ,Korea
452190,한빛레이저,KOSDAQ,Korea
452200,민테크,KOSDAQ,Korea
452260,한화갤러리아,KOSPI,Korea
452280,한선엔지니어링,KOSDAQ,Korea
452300,캡스톤파트너스,KOSDAQ,Korea
452400,이닉스,KOSDAQ,Korea
452430,사피엔반도체,KOSDAQ,Korea
452670,상상인제4호스팩,KOSDAQ,Korea
452980,신한제11호스팩,KOSDAQ,Korea
453340,현대그린푸드,KOSPI,Korea
453860,에이에스텍,KOSDAQ,Korea
454640,하나29호스팩,KOSDAQ,Korea
454750,하나28호스팩,KOSDAQ,Korea
454910,두산로보틱스,KOSPI,Korea
455250,KB제25호스팩,KOSDAQ,Korea
455310,한화플러스제4호스팩,KOSDAQ,Korea
455900,엔젤로보틱스,KOSDAQ,Korea
455910,SK증권제9호스팩,KOSDAQ,Korea
456010,아이씨티케이,KOSDAQ,Korea
456040,OCI,KOSPI,Korea
456190,큐라켐,KONEX,Korea
456440,디비금융스팩11호,KOSDAQ,Korea
456490,교보14호스팩,KOSDAQ,Korea
456570,아이엠지티,KONEX,Korea
456700,길교이앤씨,KONEX,Korea
457190,이수스페셜티케미컬,KOSPI,Korea
457390,대신밸런스제15호스팩,KOSDAQ,Korea
457550,우진엔텍,KOSDAQ,Korea
457630,대신밸런스제16호스팩,KOSDAQ,Korea
457940,SK증권제10호스팩,KOSDAQ,Korea
458320,KB제26호스팩,KOSDAQ,Korea
458610,한국제12호스팩,KOSDAQ,Korea
460850,동국씨엠,KOSPI,Korea
460860,동국제강,KOSPI,Korea
460930,현대힘스,KOSDAQ,Korea
461030,아이엠비디엑스,KOSDAQ,Korea
462020,에이치엠씨제6호스팩,KOSDAQ,Korea
462520,조선내화,KOSPI,Korea
464440,한국제13호스팩,KOSDAQ,Korea
464680,KB제27호스팩,KOSDAQ,Korea
465320,교보15호스팩,KOSDAQ,Korea
465770,STX그린로지스,KOSPI,Korea
466910,엔에이치스팩30호,KOSDAQ,Korea
467930,IBKS제23호스팩,KOSDAQ,Korea
468510,삼성스팩9호,KOSDAQ,Korea
468760,유진스팩10호,KOSDAQ,Korea
469480,IBKS제24호스팩,KOSDAQ,Korea
469880,하나30호스팩,KOSDAQ,Korea
469900,하나31호스팩,KOSDAQ,Korea
471050,대신밸런스제17호스팩,KOSDAQ,Korea
472220,신영스팩10호,KOSDAQ,Korea
472230,SK증권제11호스팩,KOSDAQ,Korea
472850,폰드그룹,KOSDAQ,Korea
473000,SK증권제12호스팩,KOSDAQ,Korea
473050,유안타제15호스팩,KOSDAQ,Korea
473370,비엔케이제2호스팩,KOSDAQ,Korea
474490,유안타제16호스팩,KOSDAQ,Korea
474660,신한제12호스팩,KOSDAQ,Korea
474930,신한제13호스팩,KOSDAQ,Korea
475150,SK이터닉스,KOSPI,Korea
475240,하나32호스팩,KOSDAQ,Korea
475250,하나33호스팩,KOSDAQ,Korea
476470,KB제28호스팩,KOSDAQ,Korea
477380,미래에셋비전스팩4호,KOSDAQ,Korea
